<?xml version="1.0" encoding="UTF-8"?>
<metadata xml:lang="en"><Esri><CreaDate>20131229</CreaDate><CreaTime>11522000</CreaTime><ArcGISFormat>1.0</ArcGISFormat><SyncOnce>TRUE</SyncOnce><DataProperties><itemProps><itemLocation><linkage Sync="TRUE">file://\\neptune\data_edit\model\GL-NCEAS-OceanRegions_v2013a\spatial_OHI2013Global\rgn_mol.tif</linkage><protocol Sync="TRUE">Local Area Network</protocol></itemLocation></itemProps><copyHistory><copy source="N:\model\GL-NCEAS-OceanRegions_v2013a\data\rgn_mol.tif" dest="\\neptune\data_edit\model\GL-NCEAS-OceanRegions_v2013a\spatial_OHI2013Global\rgn_mol.tif" date="20131229" time="11522000"></copy></copyHistory></DataProperties></Esri></metadata>
