<PAMDataset>
  <Metadata>
    <MDI key="DataType">Generic</MDI>
  </Metadata>
  <Metadata domain="Esri">
    <MDI key="PyramidResamplingType">NEAREST</MDI>
  </Metadata>
  <PAMRasterBand band="1">
    <Histograms>
      <HistItem>
        <HistMin>-0.5</HistMin>
        <HistMax>255.5</HistMax>
        <BucketCount>256</BucketCount>
        <IncludeOutOfRange>1</IncludeOutOfRange>
        <Approximate>0</Approximate>
        <HistCounts>0|538325|377912|495484|544226|1636544|735856|1837435|696410|3448855|355663|2294892|468788|1117678|392704|2097055|7968823|2754804|1474726|866219|372634|132791|0|0|54831|351110|760131|0|189730|72572|50045|1535236|362545|71620|139907|143850|311509|1465646|736001|1055710|611490|658863|1380735|128941|957620|91034|8079|627728|617793|76710|252864|13572|8762|254822|61868|1096035|917137|521218|515347|3964|495|114739|314639|345643|179254|25580|180527|407928|63847|33038|41620|40191|33255|8760432|26306|152188|292818|11847|22135|31894|565509|112595|12729|0|146141|509027|512387|0|865459|1655265|541821|657727|583800|649109|476489|628227|183912|284177|17792|34881|46810|644289|1225147|150791|355559|504120|260144|496970|517230|0|684608|176674|419396|137110|142112|310074|243004|92210|106103|11755|124246|8737|17734|32919|214306|30033|89057|41687|0|380719|659442|171379|918365|250493|107985|3760260|135667|1234529|951707|541645|158728|305430|0|861985|333209|2597589|961678|5491265|1896485|364955|399247|465759|151419|2257287|364416|764952|367655|856510|501389|509722|0|297500|4702217|9875070|41611|0|282161|156391|147605|155366|0|4195272|1239515|147771|92328|114839|64296|73452|36541|381347|863848|468622|636110|356885|616847|326|8545|63608|221|7023|36535|189137|720|121184|125877|200535|208471|17009|221671|960|578262|0|278112|1873996|95615|585789|514046|741065|667|1005878|4626786|0|1208752|11732352|268249|105|6776905|0|6533927|14131|578|6156|178646|1981099|4118162|0|0|3394|9923|0|0|45706|12|0|0|0|0|2588|0|0|0|0|0|0|34994|15220|0|29232|10848|2569|29017|0|0|0|0|1610720</HistCounts>
      </HistItem>
    </Histograms>
    <GDALRasterAttributeTable>
      <FieldDefn index="0">
        <Name>Rowid</Name>
        <Type>0</Type>
        <Usage>0</Usage>
      </FieldDefn>
      <FieldDefn index="1">
        <Name>VALUE</Name>
        <Type>0</Type>
        <Usage>0</Usage>
      </FieldDefn>
      <FieldDefn index="2">
        <Name>COUNT</Name>
        <Type>0</Type>
        <Usage>0</Usage>
      </FieldDefn>
      <Row index="0">
        <F>0</F>
        <F>1</F>
        <F>538325</F>
      </Row>
      <Row index="1">
        <F>1</F>
        <F>2</F>
        <F>377912</F>
      </Row>
      <Row index="2">
        <F>2</F>
        <F>3</F>
        <F>495484</F>
      </Row>
      <Row index="3">
        <F>3</F>
        <F>4</F>
        <F>544226</F>
      </Row>
      <Row index="4">
        <F>4</F>
        <F>5</F>
        <F>1636544</F>
      </Row>
      <Row index="5">
        <F>5</F>
        <F>6</F>
        <F>735856</F>
      </Row>
      <Row index="6">
        <F>6</F>
        <F>7</F>
        <F>1837435</F>
      </Row>
      <Row index="7">
        <F>7</F>
        <F>8</F>
        <F>696410</F>
      </Row>
      <Row index="8">
        <F>8</F>
        <F>9</F>
        <F>3448855</F>
      </Row>
      <Row index="9">
        <F>9</F>
        <F>10</F>
        <F>355663</F>
      </Row>
      <Row index="10">
        <F>10</F>
        <F>11</F>
        <F>2294892</F>
      </Row>
      <Row index="11">
        <F>11</F>
        <F>12</F>
        <F>468788</F>
      </Row>
      <Row index="12">
        <F>12</F>
        <F>13</F>
        <F>1117678</F>
      </Row>
      <Row index="13">
        <F>13</F>
        <F>14</F>
        <F>392704</F>
      </Row>
      <Row index="14">
        <F>14</F>
        <F>15</F>
        <F>2097055</F>
      </Row>
      <Row index="15">
        <F>15</F>
        <F>16</F>
        <F>7968823</F>
      </Row>
      <Row index="16">
        <F>16</F>
        <F>17</F>
        <F>2754804</F>
      </Row>
      <Row index="17">
        <F>17</F>
        <F>18</F>
        <F>1474726</F>
      </Row>
      <Row index="18">
        <F>18</F>
        <F>19</F>
        <F>866219</F>
      </Row>
      <Row index="19">
        <F>19</F>
        <F>20</F>
        <F>372634</F>
      </Row>
      <Row index="20">
        <F>20</F>
        <F>21</F>
        <F>132791</F>
      </Row>
      <Row index="21">
        <F>21</F>
        <F>24</F>
        <F>54831</F>
      </Row>
      <Row index="22">
        <F>22</F>
        <F>25</F>
        <F>351110</F>
      </Row>
      <Row index="23">
        <F>23</F>
        <F>26</F>
        <F>760131</F>
      </Row>
      <Row index="24">
        <F>24</F>
        <F>28</F>
        <F>189730</F>
      </Row>
      <Row index="25">
        <F>25</F>
        <F>29</F>
        <F>72572</F>
      </Row>
      <Row index="26">
        <F>26</F>
        <F>30</F>
        <F>50045</F>
      </Row>
      <Row index="27">
        <F>27</F>
        <F>31</F>
        <F>1535236</F>
      </Row>
      <Row index="28">
        <F>28</F>
        <F>32</F>
        <F>362545</F>
      </Row>
      <Row index="29">
        <F>29</F>
        <F>33</F>
        <F>71620</F>
      </Row>
      <Row index="30">
        <F>30</F>
        <F>34</F>
        <F>139907</F>
      </Row>
      <Row index="31">
        <F>31</F>
        <F>35</F>
        <F>143850</F>
      </Row>
      <Row index="32">
        <F>32</F>
        <F>36</F>
        <F>311509</F>
      </Row>
      <Row index="33">
        <F>33</F>
        <F>37</F>
        <F>1465646</F>
      </Row>
      <Row index="34">
        <F>34</F>
        <F>38</F>
        <F>736001</F>
      </Row>
      <Row index="35">
        <F>35</F>
        <F>39</F>
        <F>1055710</F>
      </Row>
      <Row index="36">
        <F>36</F>
        <F>40</F>
        <F>611490</F>
      </Row>
      <Row index="37">
        <F>37</F>
        <F>41</F>
        <F>658863</F>
      </Row>
      <Row index="38">
        <F>38</F>
        <F>42</F>
        <F>1380735</F>
      </Row>
      <Row index="39">
        <F>39</F>
        <F>43</F>
        <F>128941</F>
      </Row>
      <Row index="40">
        <F>40</F>
        <F>44</F>
        <F>957620</F>
      </Row>
      <Row index="41">
        <F>41</F>
        <F>45</F>
        <F>91034</F>
      </Row>
      <Row index="42">
        <F>42</F>
        <F>46</F>
        <F>8079</F>
      </Row>
      <Row index="43">
        <F>43</F>
        <F>47</F>
        <F>627728</F>
      </Row>
      <Row index="44">
        <F>44</F>
        <F>48</F>
        <F>617793</F>
      </Row>
      <Row index="45">
        <F>45</F>
        <F>49</F>
        <F>76710</F>
      </Row>
      <Row index="46">
        <F>46</F>
        <F>50</F>
        <F>252864</F>
      </Row>
      <Row index="47">
        <F>47</F>
        <F>51</F>
        <F>13572</F>
      </Row>
      <Row index="48">
        <F>48</F>
        <F>52</F>
        <F>8762</F>
      </Row>
      <Row index="49">
        <F>49</F>
        <F>53</F>
        <F>254822</F>
      </Row>
      <Row index="50">
        <F>50</F>
        <F>54</F>
        <F>61868</F>
      </Row>
      <Row index="51">
        <F>51</F>
        <F>55</F>
        <F>1096035</F>
      </Row>
      <Row index="52">
        <F>52</F>
        <F>56</F>
        <F>917137</F>
      </Row>
      <Row index="53">
        <F>53</F>
        <F>57</F>
        <F>521218</F>
      </Row>
      <Row index="54">
        <F>54</F>
        <F>58</F>
        <F>515347</F>
      </Row>
      <Row index="55">
        <F>55</F>
        <F>59</F>
        <F>3964</F>
      </Row>
      <Row index="56">
        <F>56</F>
        <F>60</F>
        <F>495</F>
      </Row>
      <Row index="57">
        <F>57</F>
        <F>61</F>
        <F>114739</F>
      </Row>
      <Row index="58">
        <F>58</F>
        <F>62</F>
        <F>314639</F>
      </Row>
      <Row index="59">
        <F>59</F>
        <F>63</F>
        <F>345643</F>
      </Row>
      <Row index="60">
        <F>60</F>
        <F>64</F>
        <F>179254</F>
      </Row>
      <Row index="61">
        <F>61</F>
        <F>65</F>
        <F>25580</F>
      </Row>
      <Row index="62">
        <F>62</F>
        <F>66</F>
        <F>180527</F>
      </Row>
      <Row index="63">
        <F>63</F>
        <F>67</F>
        <F>407928</F>
      </Row>
      <Row index="64">
        <F>64</F>
        <F>68</F>
        <F>63847</F>
      </Row>
      <Row index="65">
        <F>65</F>
        <F>69</F>
        <F>33038</F>
      </Row>
      <Row index="66">
        <F>66</F>
        <F>70</F>
        <F>41620</F>
      </Row>
      <Row index="67">
        <F>67</F>
        <F>71</F>
        <F>40191</F>
      </Row>
      <Row index="68">
        <F>68</F>
        <F>72</F>
        <F>33255</F>
      </Row>
      <Row index="69">
        <F>69</F>
        <F>73</F>
        <F>8760432</F>
      </Row>
      <Row index="70">
        <F>70</F>
        <F>74</F>
        <F>26306</F>
      </Row>
      <Row index="71">
        <F>71</F>
        <F>75</F>
        <F>152188</F>
      </Row>
      <Row index="72">
        <F>72</F>
        <F>76</F>
        <F>292818</F>
      </Row>
      <Row index="73">
        <F>73</F>
        <F>77</F>
        <F>11847</F>
      </Row>
      <Row index="74">
        <F>74</F>
        <F>78</F>
        <F>22135</F>
      </Row>
      <Row index="75">
        <F>75</F>
        <F>79</F>
        <F>31894</F>
      </Row>
      <Row index="76">
        <F>76</F>
        <F>80</F>
        <F>565509</F>
      </Row>
      <Row index="77">
        <F>77</F>
        <F>81</F>
        <F>112595</F>
      </Row>
      <Row index="78">
        <F>78</F>
        <F>82</F>
        <F>12729</F>
      </Row>
      <Row index="79">
        <F>79</F>
        <F>84</F>
        <F>146141</F>
      </Row>
      <Row index="80">
        <F>80</F>
        <F>85</F>
        <F>509027</F>
      </Row>
      <Row index="81">
        <F>81</F>
        <F>86</F>
        <F>512387</F>
      </Row>
      <Row index="82">
        <F>82</F>
        <F>88</F>
        <F>865459</F>
      </Row>
      <Row index="83">
        <F>83</F>
        <F>89</F>
        <F>1655265</F>
      </Row>
      <Row index="84">
        <F>84</F>
        <F>90</F>
        <F>541821</F>
      </Row>
      <Row index="85">
        <F>85</F>
        <F>91</F>
        <F>657727</F>
      </Row>
      <Row index="86">
        <F>86</F>
        <F>92</F>
        <F>583800</F>
      </Row>
      <Row index="87">
        <F>87</F>
        <F>93</F>
        <F>649109</F>
      </Row>
      <Row index="88">
        <F>88</F>
        <F>94</F>
        <F>476489</F>
      </Row>
      <Row index="89">
        <F>89</F>
        <F>95</F>
        <F>628227</F>
      </Row>
      <Row index="90">
        <F>90</F>
        <F>96</F>
        <F>183912</F>
      </Row>
      <Row index="91">
        <F>91</F>
        <F>97</F>
        <F>284177</F>
      </Row>
      <Row index="92">
        <F>92</F>
        <F>98</F>
        <F>17792</F>
      </Row>
      <Row index="93">
        <F>93</F>
        <F>99</F>
        <F>34881</F>
      </Row>
      <Row index="94">
        <F>94</F>
        <F>100</F>
        <F>46810</F>
      </Row>
      <Row index="95">
        <F>95</F>
        <F>101</F>
        <F>644289</F>
      </Row>
      <Row index="96">
        <F>96</F>
        <F>102</F>
        <F>1225147</F>
      </Row>
      <Row index="97">
        <F>97</F>
        <F>103</F>
        <F>150791</F>
      </Row>
      <Row index="98">
        <F>98</F>
        <F>104</F>
        <F>355559</F>
      </Row>
      <Row index="99">
        <F>99</F>
        <F>105</F>
        <F>504120</F>
      </Row>
      <Row index="100">
        <F>100</F>
        <F>106</F>
        <F>260144</F>
      </Row>
      <Row index="101">
        <F>101</F>
        <F>107</F>
        <F>496970</F>
      </Row>
      <Row index="102">
        <F>102</F>
        <F>108</F>
        <F>517230</F>
      </Row>
      <Row index="103">
        <F>103</F>
        <F>110</F>
        <F>684608</F>
      </Row>
      <Row index="104">
        <F>104</F>
        <F>111</F>
        <F>176674</F>
      </Row>
      <Row index="105">
        <F>105</F>
        <F>112</F>
        <F>419396</F>
      </Row>
      <Row index="106">
        <F>106</F>
        <F>113</F>
        <F>137110</F>
      </Row>
      <Row index="107">
        <F>107</F>
        <F>114</F>
        <F>142112</F>
      </Row>
      <Row index="108">
        <F>108</F>
        <F>115</F>
        <F>310074</F>
      </Row>
      <Row index="109">
        <F>109</F>
        <F>116</F>
        <F>243004</F>
      </Row>
      <Row index="110">
        <F>110</F>
        <F>117</F>
        <F>92210</F>
      </Row>
      <Row index="111">
        <F>111</F>
        <F>118</F>
        <F>106103</F>
      </Row>
      <Row index="112">
        <F>112</F>
        <F>119</F>
        <F>11755</F>
      </Row>
      <Row index="113">
        <F>113</F>
        <F>120</F>
        <F>124246</F>
      </Row>
      <Row index="114">
        <F>114</F>
        <F>121</F>
        <F>8737</F>
      </Row>
      <Row index="115">
        <F>115</F>
        <F>122</F>
        <F>17734</F>
      </Row>
      <Row index="116">
        <F>116</F>
        <F>123</F>
        <F>32919</F>
      </Row>
      <Row index="117">
        <F>117</F>
        <F>124</F>
        <F>214306</F>
      </Row>
      <Row index="118">
        <F>118</F>
        <F>125</F>
        <F>30033</F>
      </Row>
      <Row index="119">
        <F>119</F>
        <F>126</F>
        <F>89057</F>
      </Row>
      <Row index="120">
        <F>120</F>
        <F>127</F>
        <F>41687</F>
      </Row>
      <Row index="121">
        <F>121</F>
        <F>129</F>
        <F>380719</F>
      </Row>
      <Row index="122">
        <F>122</F>
        <F>130</F>
        <F>659442</F>
      </Row>
      <Row index="123">
        <F>123</F>
        <F>131</F>
        <F>171379</F>
      </Row>
      <Row index="124">
        <F>124</F>
        <F>132</F>
        <F>918365</F>
      </Row>
      <Row index="125">
        <F>125</F>
        <F>133</F>
        <F>250493</F>
      </Row>
      <Row index="126">
        <F>126</F>
        <F>134</F>
        <F>107985</F>
      </Row>
      <Row index="127">
        <F>127</F>
        <F>135</F>
        <F>3760260</F>
      </Row>
      <Row index="128">
        <F>128</F>
        <F>136</F>
        <F>135667</F>
      </Row>
      <Row index="129">
        <F>129</F>
        <F>137</F>
        <F>1234529</F>
      </Row>
      <Row index="130">
        <F>130</F>
        <F>138</F>
        <F>951707</F>
      </Row>
      <Row index="131">
        <F>131</F>
        <F>139</F>
        <F>541645</F>
      </Row>
      <Row index="132">
        <F>132</F>
        <F>140</F>
        <F>158728</F>
      </Row>
      <Row index="133">
        <F>133</F>
        <F>141</F>
        <F>305430</F>
      </Row>
      <Row index="134">
        <F>134</F>
        <F>143</F>
        <F>861985</F>
      </Row>
      <Row index="135">
        <F>135</F>
        <F>144</F>
        <F>333209</F>
      </Row>
      <Row index="136">
        <F>136</F>
        <F>145</F>
        <F>2597589</F>
      </Row>
      <Row index="137">
        <F>137</F>
        <F>146</F>
        <F>961678</F>
      </Row>
      <Row index="138">
        <F>138</F>
        <F>147</F>
        <F>5491265</F>
      </Row>
      <Row index="139">
        <F>139</F>
        <F>148</F>
        <F>1896485</F>
      </Row>
      <Row index="140">
        <F>140</F>
        <F>149</F>
        <F>364955</F>
      </Row>
      <Row index="141">
        <F>141</F>
        <F>150</F>
        <F>399247</F>
      </Row>
      <Row index="142">
        <F>142</F>
        <F>151</F>
        <F>465759</F>
      </Row>
      <Row index="143">
        <F>143</F>
        <F>152</F>
        <F>151419</F>
      </Row>
      <Row index="144">
        <F>144</F>
        <F>153</F>
        <F>2257287</F>
      </Row>
      <Row index="145">
        <F>145</F>
        <F>154</F>
        <F>364416</F>
      </Row>
      <Row index="146">
        <F>146</F>
        <F>155</F>
        <F>764952</F>
      </Row>
      <Row index="147">
        <F>147</F>
        <F>156</F>
        <F>367655</F>
      </Row>
      <Row index="148">
        <F>148</F>
        <F>157</F>
        <F>856510</F>
      </Row>
      <Row index="149">
        <F>149</F>
        <F>158</F>
        <F>501389</F>
      </Row>
      <Row index="150">
        <F>150</F>
        <F>159</F>
        <F>509722</F>
      </Row>
      <Row index="151">
        <F>151</F>
        <F>161</F>
        <F>297500</F>
      </Row>
      <Row index="152">
        <F>152</F>
        <F>162</F>
        <F>4702217</F>
      </Row>
      <Row index="153">
        <F>153</F>
        <F>163</F>
        <F>9875070</F>
      </Row>
      <Row index="154">
        <F>154</F>
        <F>164</F>
        <F>41611</F>
      </Row>
      <Row index="155">
        <F>155</F>
        <F>166</F>
        <F>282161</F>
      </Row>
      <Row index="156">
        <F>156</F>
        <F>167</F>
        <F>156391</F>
      </Row>
      <Row index="157">
        <F>157</F>
        <F>168</F>
        <F>147605</F>
      </Row>
      <Row index="158">
        <F>158</F>
        <F>169</F>
        <F>155366</F>
      </Row>
      <Row index="159">
        <F>159</F>
        <F>171</F>
        <F>4195272</F>
      </Row>
      <Row index="160">
        <F>160</F>
        <F>172</F>
        <F>1239515</F>
      </Row>
      <Row index="161">
        <F>161</F>
        <F>173</F>
        <F>147771</F>
      </Row>
      <Row index="162">
        <F>162</F>
        <F>174</F>
        <F>92328</F>
      </Row>
      <Row index="163">
        <F>163</F>
        <F>175</F>
        <F>114839</F>
      </Row>
      <Row index="164">
        <F>164</F>
        <F>176</F>
        <F>64296</F>
      </Row>
      <Row index="165">
        <F>165</F>
        <F>177</F>
        <F>73452</F>
      </Row>
      <Row index="166">
        <F>166</F>
        <F>178</F>
        <F>36541</F>
      </Row>
      <Row index="167">
        <F>167</F>
        <F>179</F>
        <F>381347</F>
      </Row>
      <Row index="168">
        <F>168</F>
        <F>180</F>
        <F>863848</F>
      </Row>
      <Row index="169">
        <F>169</F>
        <F>181</F>
        <F>468622</F>
      </Row>
      <Row index="170">
        <F>170</F>
        <F>182</F>
        <F>636110</F>
      </Row>
      <Row index="171">
        <F>171</F>
        <F>183</F>
        <F>356885</F>
      </Row>
      <Row index="172">
        <F>172</F>
        <F>184</F>
        <F>616847</F>
      </Row>
      <Row index="173">
        <F>173</F>
        <F>185</F>
        <F>326</F>
      </Row>
      <Row index="174">
        <F>174</F>
        <F>186</F>
        <F>8545</F>
      </Row>
      <Row index="175">
        <F>175</F>
        <F>187</F>
        <F>63608</F>
      </Row>
      <Row index="176">
        <F>176</F>
        <F>188</F>
        <F>221</F>
      </Row>
      <Row index="177">
        <F>177</F>
        <F>189</F>
        <F>7023</F>
      </Row>
      <Row index="178">
        <F>178</F>
        <F>190</F>
        <F>36535</F>
      </Row>
      <Row index="179">
        <F>179</F>
        <F>191</F>
        <F>189137</F>
      </Row>
      <Row index="180">
        <F>180</F>
        <F>192</F>
        <F>720</F>
      </Row>
      <Row index="181">
        <F>181</F>
        <F>193</F>
        <F>121184</F>
      </Row>
      <Row index="182">
        <F>182</F>
        <F>194</F>
        <F>125877</F>
      </Row>
      <Row index="183">
        <F>183</F>
        <F>195</F>
        <F>200535</F>
      </Row>
      <Row index="184">
        <F>184</F>
        <F>196</F>
        <F>208471</F>
      </Row>
      <Row index="185">
        <F>185</F>
        <F>197</F>
        <F>17009</F>
      </Row>
      <Row index="186">
        <F>186</F>
        <F>198</F>
        <F>221671</F>
      </Row>
      <Row index="187">
        <F>187</F>
        <F>199</F>
        <F>960</F>
      </Row>
      <Row index="188">
        <F>188</F>
        <F>200</F>
        <F>578262</F>
      </Row>
      <Row index="189">
        <F>189</F>
        <F>202</F>
        <F>278112</F>
      </Row>
      <Row index="190">
        <F>190</F>
        <F>203</F>
        <F>1873996</F>
      </Row>
      <Row index="191">
        <F>191</F>
        <F>204</F>
        <F>95615</F>
      </Row>
      <Row index="192">
        <F>192</F>
        <F>205</F>
        <F>585789</F>
      </Row>
      <Row index="193">
        <F>193</F>
        <F>206</F>
        <F>514046</F>
      </Row>
      <Row index="194">
        <F>194</F>
        <F>207</F>
        <F>741065</F>
      </Row>
      <Row index="195">
        <F>195</F>
        <F>208</F>
        <F>667</F>
      </Row>
      <Row index="196">
        <F>196</F>
        <F>209</F>
        <F>1005878</F>
      </Row>
      <Row index="197">
        <F>197</F>
        <F>210</F>
        <F>4626786</F>
      </Row>
      <Row index="198">
        <F>198</F>
        <F>212</F>
        <F>1208752</F>
      </Row>
      <Row index="199">
        <F>199</F>
        <F>213</F>
        <F>11732352</F>
      </Row>
      <Row index="200">
        <F>200</F>
        <F>214</F>
        <F>268249</F>
      </Row>
      <Row index="201">
        <F>201</F>
        <F>215</F>
        <F>105</F>
      </Row>
      <Row index="202">
        <F>202</F>
        <F>216</F>
        <F>6776905</F>
      </Row>
      <Row index="203">
        <F>203</F>
        <F>218</F>
        <F>6533927</F>
      </Row>
      <Row index="204">
        <F>204</F>
        <F>219</F>
        <F>14131</F>
      </Row>
      <Row index="205">
        <F>205</F>
        <F>220</F>
        <F>578</F>
      </Row>
      <Row index="206">
        <F>206</F>
        <F>221</F>
        <F>6156</F>
      </Row>
      <Row index="207">
        <F>207</F>
        <F>222</F>
        <F>178646</F>
      </Row>
      <Row index="208">
        <F>208</F>
        <F>223</F>
        <F>1981099</F>
      </Row>
      <Row index="209">
        <F>209</F>
        <F>224</F>
        <F>4118162</F>
      </Row>
      <Row index="210">
        <F>210</F>
        <F>227</F>
        <F>3394</F>
      </Row>
      <Row index="211">
        <F>211</F>
        <F>228</F>
        <F>9923</F>
      </Row>
      <Row index="212">
        <F>212</F>
        <F>231</F>
        <F>45706</F>
      </Row>
      <Row index="213">
        <F>213</F>
        <F>232</F>
        <F>12</F>
      </Row>
      <Row index="214">
        <F>214</F>
        <F>237</F>
        <F>2588</F>
      </Row>
      <Row index="215">
        <F>215</F>
        <F>244</F>
        <F>34994</F>
      </Row>
      <Row index="216">
        <F>216</F>
        <F>245</F>
        <F>15220</F>
      </Row>
      <Row index="217">
        <F>217</F>
        <F>247</F>
        <F>29232</F>
      </Row>
      <Row index="218">
        <F>218</F>
        <F>248</F>
        <F>10848</F>
      </Row>
      <Row index="219">
        <F>219</F>
        <F>249</F>
        <F>2569</F>
      </Row>
      <Row index="220">
        <F>220</F>
        <F>250</F>
        <F>29017</F>
      </Row>
      <Row index="221">
        <F>221</F>
        <F>255</F>
        <F>1610720</F>
      </Row>
    </GDALRasterAttributeTable>
    <Metadata>
      <MDI key="STATISTICS_MINIMUM">1</MDI>
      <MDI key="STATISTICS_MAXIMUM">255</MDI>
      <MDI key="STATISTICS_MEAN">124.9511404519</MDI>
      <MDI key="STATISTICS_STDDEV">75.466076539886</MDI>
      <MDI key="STATISTICS_COVARIANCES">5695.12870832387</MDI>
    </Metadata>
  </PAMRasterBand>
</PAMDataset>
