<PAMDataset>
  <Metadata>
    <MDI key="DataType">Generic</MDI>
  </Metadata>
  <Metadata domain="Esri">
    <MDI key="PyramidResamplingType">NEAREST</MDI>
  </Metadata>
  <PAMRasterBand band="1">
    <Histograms>
      <HistItem>
        <HistMin>-0.5</HistMin>
        <HistMax>255.5</HistMax>
        <BucketCount>256</BucketCount>
        <IncludeOutOfRange>1</IncludeOutOfRange>
        <Approximate>0</Approximate>
        <HistCounts>0|446383|312374|459827|767079|1428110|622933|1514145|568487|2819308|288398|1893183|403206|949707|342457|1746198|7387535|2250313|1259336|709194|370824|140436|0|0|45167|288396|626287|0|156925|60433|41409|1254072|316486|60807|121366|127175|262361|1243931|600952|857688|499317|571664|1202436|104782|781629|76719|6702|522249|530575|66086|222308|12614|7938|225338|55319|1135646|774365|504878|475076|5155|503|115099|303505|304872|152882|21249|150696|394759|63476|49230|65045|44507|37618|22823852|28898|174280|312871|11766|21621|30673|570424|110723|13645|0|148735|416780|432216|0|900623|2408422|642249|772301|603340|801686|649480|821525|150125|230923|14568|28408|38113|571196|1192414|122261|288489|703471|211156|409618|496434|0|613817|155122|365873|117716|121054|264689|207191|79721|91546|9969|106346|7384|14803|27684|178545|24905|73512|34692|0|312132|538568|142476|756102|212299|89445|3286561|112676|1001560|790312|450461|133991|538388|0|1637505|834711|8542296|857800|4724592|1548580|295955|325983|389111|126078|1902228|313485|661691|301490|696113|406637|431727|0|247348|5235826|12046725|35331|0|238857|128242|120687|126815|0|3555750|1483021|147535|157988|167158|89702|100374|51465|444903|1275264|626664|690721|368839|649784|372|9287|71049|251|10228|32906|171437|672|99935|103342|162836|169445|13815|180001|771|479365|0|227291|1574619|82927|492341|418224|613563|540|935635|4339745|0|980672|32611572|253028|93|5520506|0|14860810|16461|492|5244|285986|6112612|4267939|0|0|4199|12433|0|0|37535|12|0|0|0|0|2120|0|0|0|0|0|0|29150|12642|0|23828|9212|2187|24203|0|0|0|0|1447248</HistCounts>
      </HistItem>
    </Histograms>
    <GDALRasterAttributeTable>
      <FieldDefn index="0">
        <Name>Rowid</Name>
        <Type>0</Type>
        <Usage>0</Usage>
      </FieldDefn>
      <FieldDefn index="1">
        <Name>VALUE</Name>
        <Type>0</Type>
        <Usage>0</Usage>
      </FieldDefn>
      <FieldDefn index="2">
        <Name>COUNT</Name>
        <Type>0</Type>
        <Usage>0</Usage>
      </FieldDefn>
      <Row index="0">
        <F>0</F>
        <F>1</F>
        <F>446383</F>
      </Row>
      <Row index="1">
        <F>1</F>
        <F>2</F>
        <F>312374</F>
      </Row>
      <Row index="2">
        <F>2</F>
        <F>3</F>
        <F>459827</F>
      </Row>
      <Row index="3">
        <F>3</F>
        <F>4</F>
        <F>767079</F>
      </Row>
      <Row index="4">
        <F>4</F>
        <F>5</F>
        <F>1428110</F>
      </Row>
      <Row index="5">
        <F>5</F>
        <F>6</F>
        <F>622933</F>
      </Row>
      <Row index="6">
        <F>6</F>
        <F>7</F>
        <F>1514145</F>
      </Row>
      <Row index="7">
        <F>7</F>
        <F>8</F>
        <F>568487</F>
      </Row>
      <Row index="8">
        <F>8</F>
        <F>9</F>
        <F>2819308</F>
      </Row>
      <Row index="9">
        <F>9</F>
        <F>10</F>
        <F>288398</F>
      </Row>
      <Row index="10">
        <F>10</F>
        <F>11</F>
        <F>1893183</F>
      </Row>
      <Row index="11">
        <F>11</F>
        <F>12</F>
        <F>403206</F>
      </Row>
      <Row index="12">
        <F>12</F>
        <F>13</F>
        <F>949707</F>
      </Row>
      <Row index="13">
        <F>13</F>
        <F>14</F>
        <F>342457</F>
      </Row>
      <Row index="14">
        <F>14</F>
        <F>15</F>
        <F>1746198</F>
      </Row>
      <Row index="15">
        <F>15</F>
        <F>16</F>
        <F>7387535</F>
      </Row>
      <Row index="16">
        <F>16</F>
        <F>17</F>
        <F>2250313</F>
      </Row>
      <Row index="17">
        <F>17</F>
        <F>18</F>
        <F>1259336</F>
      </Row>
      <Row index="18">
        <F>18</F>
        <F>19</F>
        <F>709194</F>
      </Row>
      <Row index="19">
        <F>19</F>
        <F>20</F>
        <F>370824</F>
      </Row>
      <Row index="20">
        <F>20</F>
        <F>21</F>
        <F>140436</F>
      </Row>
      <Row index="21">
        <F>21</F>
        <F>24</F>
        <F>45167</F>
      </Row>
      <Row index="22">
        <F>22</F>
        <F>25</F>
        <F>288396</F>
      </Row>
      <Row index="23">
        <F>23</F>
        <F>26</F>
        <F>626287</F>
      </Row>
      <Row index="24">
        <F>24</F>
        <F>28</F>
        <F>156925</F>
      </Row>
      <Row index="25">
        <F>25</F>
        <F>29</F>
        <F>60433</F>
      </Row>
      <Row index="26">
        <F>26</F>
        <F>30</F>
        <F>41409</F>
      </Row>
      <Row index="27">
        <F>27</F>
        <F>31</F>
        <F>1254072</F>
      </Row>
      <Row index="28">
        <F>28</F>
        <F>32</F>
        <F>316486</F>
      </Row>
      <Row index="29">
        <F>29</F>
        <F>33</F>
        <F>60807</F>
      </Row>
      <Row index="30">
        <F>30</F>
        <F>34</F>
        <F>121366</F>
      </Row>
      <Row index="31">
        <F>31</F>
        <F>35</F>
        <F>127175</F>
      </Row>
      <Row index="32">
        <F>32</F>
        <F>36</F>
        <F>262361</F>
      </Row>
      <Row index="33">
        <F>33</F>
        <F>37</F>
        <F>1243931</F>
      </Row>
      <Row index="34">
        <F>34</F>
        <F>38</F>
        <F>600952</F>
      </Row>
      <Row index="35">
        <F>35</F>
        <F>39</F>
        <F>857688</F>
      </Row>
      <Row index="36">
        <F>36</F>
        <F>40</F>
        <F>499317</F>
      </Row>
      <Row index="37">
        <F>37</F>
        <F>41</F>
        <F>571664</F>
      </Row>
      <Row index="38">
        <F>38</F>
        <F>42</F>
        <F>1202436</F>
      </Row>
      <Row index="39">
        <F>39</F>
        <F>43</F>
        <F>104782</F>
      </Row>
      <Row index="40">
        <F>40</F>
        <F>44</F>
        <F>781629</F>
      </Row>
      <Row index="41">
        <F>41</F>
        <F>45</F>
        <F>76719</F>
      </Row>
      <Row index="42">
        <F>42</F>
        <F>46</F>
        <F>6702</F>
      </Row>
      <Row index="43">
        <F>43</F>
        <F>47</F>
        <F>522249</F>
      </Row>
      <Row index="44">
        <F>44</F>
        <F>48</F>
        <F>530575</F>
      </Row>
      <Row index="45">
        <F>45</F>
        <F>49</F>
        <F>66086</F>
      </Row>
      <Row index="46">
        <F>46</F>
        <F>50</F>
        <F>222308</F>
      </Row>
      <Row index="47">
        <F>47</F>
        <F>51</F>
        <F>12614</F>
      </Row>
      <Row index="48">
        <F>48</F>
        <F>52</F>
        <F>7938</F>
      </Row>
      <Row index="49">
        <F>49</F>
        <F>53</F>
        <F>225338</F>
      </Row>
      <Row index="50">
        <F>50</F>
        <F>54</F>
        <F>55319</F>
      </Row>
      <Row index="51">
        <F>51</F>
        <F>55</F>
        <F>1135646</F>
      </Row>
      <Row index="52">
        <F>52</F>
        <F>56</F>
        <F>774365</F>
      </Row>
      <Row index="53">
        <F>53</F>
        <F>57</F>
        <F>504878</F>
      </Row>
      <Row index="54">
        <F>54</F>
        <F>58</F>
        <F>475076</F>
      </Row>
      <Row index="55">
        <F>55</F>
        <F>59</F>
        <F>5155</F>
      </Row>
      <Row index="56">
        <F>56</F>
        <F>60</F>
        <F>503</F>
      </Row>
      <Row index="57">
        <F>57</F>
        <F>61</F>
        <F>115099</F>
      </Row>
      <Row index="58">
        <F>58</F>
        <F>62</F>
        <F>303505</F>
      </Row>
      <Row index="59">
        <F>59</F>
        <F>63</F>
        <F>304872</F>
      </Row>
      <Row index="60">
        <F>60</F>
        <F>64</F>
        <F>152882</F>
      </Row>
      <Row index="61">
        <F>61</F>
        <F>65</F>
        <F>21249</F>
      </Row>
      <Row index="62">
        <F>62</F>
        <F>66</F>
        <F>150696</F>
      </Row>
      <Row index="63">
        <F>63</F>
        <F>67</F>
        <F>394759</F>
      </Row>
      <Row index="64">
        <F>64</F>
        <F>68</F>
        <F>63476</F>
      </Row>
      <Row index="65">
        <F>65</F>
        <F>69</F>
        <F>49230</F>
      </Row>
      <Row index="66">
        <F>66</F>
        <F>70</F>
        <F>65045</F>
      </Row>
      <Row index="67">
        <F>67</F>
        <F>71</F>
        <F>44507</F>
      </Row>
      <Row index="68">
        <F>68</F>
        <F>72</F>
        <F>37618</F>
      </Row>
      <Row index="69">
        <F>69</F>
        <F>73</F>
        <F>22823852</F>
      </Row>
      <Row index="70">
        <F>70</F>
        <F>74</F>
        <F>28898</F>
      </Row>
      <Row index="71">
        <F>71</F>
        <F>75</F>
        <F>174280</F>
      </Row>
      <Row index="72">
        <F>72</F>
        <F>76</F>
        <F>312871</F>
      </Row>
      <Row index="73">
        <F>73</F>
        <F>77</F>
        <F>11766</F>
      </Row>
      <Row index="74">
        <F>74</F>
        <F>78</F>
        <F>21621</F>
      </Row>
      <Row index="75">
        <F>75</F>
        <F>79</F>
        <F>30673</F>
      </Row>
      <Row index="76">
        <F>76</F>
        <F>80</F>
        <F>570424</F>
      </Row>
      <Row index="77">
        <F>77</F>
        <F>81</F>
        <F>110723</F>
      </Row>
      <Row index="78">
        <F>78</F>
        <F>82</F>
        <F>13645</F>
      </Row>
      <Row index="79">
        <F>79</F>
        <F>84</F>
        <F>148735</F>
      </Row>
      <Row index="80">
        <F>80</F>
        <F>85</F>
        <F>416780</F>
      </Row>
      <Row index="81">
        <F>81</F>
        <F>86</F>
        <F>432216</F>
      </Row>
      <Row index="82">
        <F>82</F>
        <F>88</F>
        <F>900623</F>
      </Row>
      <Row index="83">
        <F>83</F>
        <F>89</F>
        <F>2408422</F>
      </Row>
      <Row index="84">
        <F>84</F>
        <F>90</F>
        <F>642249</F>
      </Row>
      <Row index="85">
        <F>85</F>
        <F>91</F>
        <F>772301</F>
      </Row>
      <Row index="86">
        <F>86</F>
        <F>92</F>
        <F>603340</F>
      </Row>
      <Row index="87">
        <F>87</F>
        <F>93</F>
        <F>801686</F>
      </Row>
      <Row index="88">
        <F>88</F>
        <F>94</F>
        <F>649480</F>
      </Row>
      <Row index="89">
        <F>89</F>
        <F>95</F>
        <F>821525</F>
      </Row>
      <Row index="90">
        <F>90</F>
        <F>96</F>
        <F>150125</F>
      </Row>
      <Row index="91">
        <F>91</F>
        <F>97</F>
        <F>230923</F>
      </Row>
      <Row index="92">
        <F>92</F>
        <F>98</F>
        <F>14568</F>
      </Row>
      <Row index="93">
        <F>93</F>
        <F>99</F>
        <F>28408</F>
      </Row>
      <Row index="94">
        <F>94</F>
        <F>100</F>
        <F>38113</F>
      </Row>
      <Row index="95">
        <F>95</F>
        <F>101</F>
        <F>571196</F>
      </Row>
      <Row index="96">
        <F>96</F>
        <F>102</F>
        <F>1192414</F>
      </Row>
      <Row index="97">
        <F>97</F>
        <F>103</F>
        <F>122261</F>
      </Row>
      <Row index="98">
        <F>98</F>
        <F>104</F>
        <F>288489</F>
      </Row>
      <Row index="99">
        <F>99</F>
        <F>105</F>
        <F>703471</F>
      </Row>
      <Row index="100">
        <F>100</F>
        <F>106</F>
        <F>211156</F>
      </Row>
      <Row index="101">
        <F>101</F>
        <F>107</F>
        <F>409618</F>
      </Row>
      <Row index="102">
        <F>102</F>
        <F>108</F>
        <F>496434</F>
      </Row>
      <Row index="103">
        <F>103</F>
        <F>110</F>
        <F>613817</F>
      </Row>
      <Row index="104">
        <F>104</F>
        <F>111</F>
        <F>155122</F>
      </Row>
      <Row index="105">
        <F>105</F>
        <F>112</F>
        <F>365873</F>
      </Row>
      <Row index="106">
        <F>106</F>
        <F>113</F>
        <F>117716</F>
      </Row>
      <Row index="107">
        <F>107</F>
        <F>114</F>
        <F>121054</F>
      </Row>
      <Row index="108">
        <F>108</F>
        <F>115</F>
        <F>264689</F>
      </Row>
      <Row index="109">
        <F>109</F>
        <F>116</F>
        <F>207191</F>
      </Row>
      <Row index="110">
        <F>110</F>
        <F>117</F>
        <F>79721</F>
      </Row>
      <Row index="111">
        <F>111</F>
        <F>118</F>
        <F>91546</F>
      </Row>
      <Row index="112">
        <F>112</F>
        <F>119</F>
        <F>9969</F>
      </Row>
      <Row index="113">
        <F>113</F>
        <F>120</F>
        <F>106346</F>
      </Row>
      <Row index="114">
        <F>114</F>
        <F>121</F>
        <F>7384</F>
      </Row>
      <Row index="115">
        <F>115</F>
        <F>122</F>
        <F>14803</F>
      </Row>
      <Row index="116">
        <F>116</F>
        <F>123</F>
        <F>27684</F>
      </Row>
      <Row index="117">
        <F>117</F>
        <F>124</F>
        <F>178545</F>
      </Row>
      <Row index="118">
        <F>118</F>
        <F>125</F>
        <F>24905</F>
      </Row>
      <Row index="119">
        <F>119</F>
        <F>126</F>
        <F>73512</F>
      </Row>
      <Row index="120">
        <F>120</F>
        <F>127</F>
        <F>34692</F>
      </Row>
      <Row index="121">
        <F>121</F>
        <F>129</F>
        <F>312132</F>
      </Row>
      <Row index="122">
        <F>122</F>
        <F>130</F>
        <F>538568</F>
      </Row>
      <Row index="123">
        <F>123</F>
        <F>131</F>
        <F>142476</F>
      </Row>
      <Row index="124">
        <F>124</F>
        <F>132</F>
        <F>756102</F>
      </Row>
      <Row index="125">
        <F>125</F>
        <F>133</F>
        <F>212299</F>
      </Row>
      <Row index="126">
        <F>126</F>
        <F>134</F>
        <F>89445</F>
      </Row>
      <Row index="127">
        <F>127</F>
        <F>135</F>
        <F>3286561</F>
      </Row>
      <Row index="128">
        <F>128</F>
        <F>136</F>
        <F>112676</F>
      </Row>
      <Row index="129">
        <F>129</F>
        <F>137</F>
        <F>1001560</F>
      </Row>
      <Row index="130">
        <F>130</F>
        <F>138</F>
        <F>790312</F>
      </Row>
      <Row index="131">
        <F>131</F>
        <F>139</F>
        <F>450461</F>
      </Row>
      <Row index="132">
        <F>132</F>
        <F>140</F>
        <F>133991</F>
      </Row>
      <Row index="133">
        <F>133</F>
        <F>141</F>
        <F>538388</F>
      </Row>
      <Row index="134">
        <F>134</F>
        <F>143</F>
        <F>1637505</F>
      </Row>
      <Row index="135">
        <F>135</F>
        <F>144</F>
        <F>834711</F>
      </Row>
      <Row index="136">
        <F>136</F>
        <F>145</F>
        <F>8542296</F>
      </Row>
      <Row index="137">
        <F>137</F>
        <F>146</F>
        <F>857800</F>
      </Row>
      <Row index="138">
        <F>138</F>
        <F>147</F>
        <F>4724592</F>
      </Row>
      <Row index="139">
        <F>139</F>
        <F>148</F>
        <F>1548580</F>
      </Row>
      <Row index="140">
        <F>140</F>
        <F>149</F>
        <F>295955</F>
      </Row>
      <Row index="141">
        <F>141</F>
        <F>150</F>
        <F>325983</F>
      </Row>
      <Row index="142">
        <F>142</F>
        <F>151</F>
        <F>389111</F>
      </Row>
      <Row index="143">
        <F>143</F>
        <F>152</F>
        <F>126078</F>
      </Row>
      <Row index="144">
        <F>144</F>
        <F>153</F>
        <F>1902228</F>
      </Row>
      <Row index="145">
        <F>145</F>
        <F>154</F>
        <F>313485</F>
      </Row>
      <Row index="146">
        <F>146</F>
        <F>155</F>
        <F>661691</F>
      </Row>
      <Row index="147">
        <F>147</F>
        <F>156</F>
        <F>301490</F>
      </Row>
      <Row index="148">
        <F>148</F>
        <F>157</F>
        <F>696113</F>
      </Row>
      <Row index="149">
        <F>149</F>
        <F>158</F>
        <F>406637</F>
      </Row>
      <Row index="150">
        <F>150</F>
        <F>159</F>
        <F>431727</F>
      </Row>
      <Row index="151">
        <F>151</F>
        <F>161</F>
        <F>247348</F>
      </Row>
      <Row index="152">
        <F>152</F>
        <F>162</F>
        <F>5235826</F>
      </Row>
      <Row index="153">
        <F>153</F>
        <F>163</F>
        <F>12046725</F>
      </Row>
      <Row index="154">
        <F>154</F>
        <F>164</F>
        <F>35331</F>
      </Row>
      <Row index="155">
        <F>155</F>
        <F>166</F>
        <F>238857</F>
      </Row>
      <Row index="156">
        <F>156</F>
        <F>167</F>
        <F>128242</F>
      </Row>
      <Row index="157">
        <F>157</F>
        <F>168</F>
        <F>120687</F>
      </Row>
      <Row index="158">
        <F>158</F>
        <F>169</F>
        <F>126815</F>
      </Row>
      <Row index="159">
        <F>159</F>
        <F>171</F>
        <F>3555750</F>
      </Row>
      <Row index="160">
        <F>160</F>
        <F>172</F>
        <F>1483021</F>
      </Row>
      <Row index="161">
        <F>161</F>
        <F>173</F>
        <F>147535</F>
      </Row>
      <Row index="162">
        <F>162</F>
        <F>174</F>
        <F>157988</F>
      </Row>
      <Row index="163">
        <F>163</F>
        <F>175</F>
        <F>167158</F>
      </Row>
      <Row index="164">
        <F>164</F>
        <F>176</F>
        <F>89702</F>
      </Row>
      <Row index="165">
        <F>165</F>
        <F>177</F>
        <F>100374</F>
      </Row>
      <Row index="166">
        <F>166</F>
        <F>178</F>
        <F>51465</F>
      </Row>
      <Row index="167">
        <F>167</F>
        <F>179</F>
        <F>444903</F>
      </Row>
      <Row index="168">
        <F>168</F>
        <F>180</F>
        <F>1275264</F>
      </Row>
      <Row index="169">
        <F>169</F>
        <F>181</F>
        <F>626664</F>
      </Row>
      <Row index="170">
        <F>170</F>
        <F>182</F>
        <F>690721</F>
      </Row>
      <Row index="171">
        <F>171</F>
        <F>183</F>
        <F>368839</F>
      </Row>
      <Row index="172">
        <F>172</F>
        <F>184</F>
        <F>649784</F>
      </Row>
      <Row index="173">
        <F>173</F>
        <F>185</F>
        <F>372</F>
      </Row>
      <Row index="174">
        <F>174</F>
        <F>186</F>
        <F>9287</F>
      </Row>
      <Row index="175">
        <F>175</F>
        <F>187</F>
        <F>71049</F>
      </Row>
      <Row index="176">
        <F>176</F>
        <F>188</F>
        <F>251</F>
      </Row>
      <Row index="177">
        <F>177</F>
        <F>189</F>
        <F>10228</F>
      </Row>
      <Row index="178">
        <F>178</F>
        <F>190</F>
        <F>32906</F>
      </Row>
      <Row index="179">
        <F>179</F>
        <F>191</F>
        <F>171437</F>
      </Row>
      <Row index="180">
        <F>180</F>
        <F>192</F>
        <F>672</F>
      </Row>
      <Row index="181">
        <F>181</F>
        <F>193</F>
        <F>99935</F>
      </Row>
      <Row index="182">
        <F>182</F>
        <F>194</F>
        <F>103342</F>
      </Row>
      <Row index="183">
        <F>183</F>
        <F>195</F>
        <F>162836</F>
      </Row>
      <Row index="184">
        <F>184</F>
        <F>196</F>
        <F>169445</F>
      </Row>
      <Row index="185">
        <F>185</F>
        <F>197</F>
        <F>13815</F>
      </Row>
      <Row index="186">
        <F>186</F>
        <F>198</F>
        <F>180001</F>
      </Row>
      <Row index="187">
        <F>187</F>
        <F>199</F>
        <F>771</F>
      </Row>
      <Row index="188">
        <F>188</F>
        <F>200</F>
        <F>479365</F>
      </Row>
      <Row index="189">
        <F>189</F>
        <F>202</F>
        <F>227291</F>
      </Row>
      <Row index="190">
        <F>190</F>
        <F>203</F>
        <F>1574619</F>
      </Row>
      <Row index="191">
        <F>191</F>
        <F>204</F>
        <F>82927</F>
      </Row>
      <Row index="192">
        <F>192</F>
        <F>205</F>
        <F>492341</F>
      </Row>
      <Row index="193">
        <F>193</F>
        <F>206</F>
        <F>418224</F>
      </Row>
      <Row index="194">
        <F>194</F>
        <F>207</F>
        <F>613563</F>
      </Row>
      <Row index="195">
        <F>195</F>
        <F>208</F>
        <F>540</F>
      </Row>
      <Row index="196">
        <F>196</F>
        <F>209</F>
        <F>935635</F>
      </Row>
      <Row index="197">
        <F>197</F>
        <F>210</F>
        <F>4339745</F>
      </Row>
      <Row index="198">
        <F>198</F>
        <F>212</F>
        <F>980672</F>
      </Row>
      <Row index="199">
        <F>199</F>
        <F>213</F>
        <F>32611572</F>
      </Row>
      <Row index="200">
        <F>200</F>
        <F>214</F>
        <F>253028</F>
      </Row>
      <Row index="201">
        <F>201</F>
        <F>215</F>
        <F>93</F>
      </Row>
      <Row index="202">
        <F>202</F>
        <F>216</F>
        <F>5520506</F>
      </Row>
      <Row index="203">
        <F>203</F>
        <F>218</F>
        <F>14860810</F>
      </Row>
      <Row index="204">
        <F>204</F>
        <F>219</F>
        <F>16461</F>
      </Row>
      <Row index="205">
        <F>205</F>
        <F>220</F>
        <F>492</F>
      </Row>
      <Row index="206">
        <F>206</F>
        <F>221</F>
        <F>5244</F>
      </Row>
      <Row index="207">
        <F>207</F>
        <F>222</F>
        <F>285986</F>
      </Row>
      <Row index="208">
        <F>208</F>
        <F>223</F>
        <F>6112612</F>
      </Row>
      <Row index="209">
        <F>209</F>
        <F>224</F>
        <F>4267939</F>
      </Row>
      <Row index="210">
        <F>210</F>
        <F>227</F>
        <F>4199</F>
      </Row>
      <Row index="211">
        <F>211</F>
        <F>228</F>
        <F>12433</F>
      </Row>
      <Row index="212">
        <F>212</F>
        <F>231</F>
        <F>37535</F>
      </Row>
      <Row index="213">
        <F>213</F>
        <F>232</F>
        <F>12</F>
      </Row>
      <Row index="214">
        <F>214</F>
        <F>237</F>
        <F>2120</F>
      </Row>
      <Row index="215">
        <F>215</F>
        <F>244</F>
        <F>29150</F>
      </Row>
      <Row index="216">
        <F>216</F>
        <F>245</F>
        <F>12642</F>
      </Row>
      <Row index="217">
        <F>217</F>
        <F>247</F>
        <F>23828</F>
      </Row>
      <Row index="218">
        <F>218</F>
        <F>248</F>
        <F>9212</F>
      </Row>
      <Row index="219">
        <F>219</F>
        <F>249</F>
        <F>2187</F>
      </Row>
      <Row index="220">
        <F>220</F>
        <F>250</F>
        <F>24203</F>
      </Row>
      <Row index="221">
        <F>221</F>
        <F>255</F>
        <F>1447248</F>
      </Row>
    </GDALRasterAttributeTable>
    <Metadata>
      <MDI key="STATISTICS_MINIMUM">1</MDI>
      <MDI key="STATISTICS_MAXIMUM">255</MDI>
      <MDI key="STATISTICS_MEAN">137.969365875</MDI>
      <MDI key="STATISTICS_STDDEV">73.422996062566</MDI>
      <MDI key="STATISTICS_COVARIANCES">5390.93635080359</MDI>
    </Metadata>
  </PAMRasterBand>
</PAMDataset>
