"targets","layer","name","description","citation","units","filename","fld_value","fld_id_num","fld_id_chr","fld_category","fld_year","fld_val_num","fld_val_chr","file_exists","val_min","val_max","val_0to1","flds_unused","flds_missing","rows_duplicated","num_ids_unique"
"AO","rn_ao_access","Fisheries management effectiveness and opportunity","The opportunity for artisanal and recreational fishing based on the quality of management of the small- scale fishing sector (Mora et al 2009)","5.04","value","r_mora_s4_2013a.csv","value","rgn_id",,,,"value",,TRUE,0,0.854,TRUE,,,,222
"AO","rny_ao_need","Purchasing power parity as a proxy for subsistence fishing need, by region","The per capita purchasing power parity (PPP) adjusted gross domestic product (GDP): GDPpcPPP","5.05","value","rgn_wb_gdppcppp_rescaled_year_2013b.csv","value","rgn_id",,,"year","value",,TRUE,0.389403365,1,TRUE,,,,222
"pressures CP","rnk_cp_habitat_extent_rank","Habitat extent * rank, per Coastal Protection habitats","Habitat extent * habitat rank for Coastal Protection habitats: coral, mangrove offshore 1km, mangrove inland 1km, saltmarsh, seaice_shoreline and seagrass",,"rank","cp_habitat_extent_rank.csv","extent_rank","rgn_id",,"habitat",,"extent_rank",,TRUE,1.7465,3015240.885416,FALSE,,,,222
"pressures CS","rnk_cs_habitat_extent","Habitat extent * rank, per Carbon Storage habitats","Habitat extent * habitat rank for Carbon Storage habitats: mangrove, saltmarsh and seagrass",,"km^2","cs_habitat_extent.csv","km2","rgn_id",,"habitat",,"km2",,TRUE,0.82,39491,FALSE,,,,222
"CW","rn_cw_pesticide_trend","Pesticide consumption as a proxy for trend in chemical pollution","Statistics on pesticides consumption from the Food and Agricultural Organization (FAO) ","5.58","trend score","GL-NCEAS_CW_Pesticides_trend_v2013a.csv","trend.score","rgn_id",,,,"trend.score",,TRUE,-1,1.52476791072751,FALSE,,,,222
"CW","rn_cw_fertilizer_trend","Fertilizer consumption as a proxy for trend in nutrient pollution","Statistics on fertilizer consumption from the Food and Agricultural Organization (FAO) ","5.19","trend score","GL-NCEAS_CW_Fertilizers_trend_v2013a.csv","trend.score","rgn_id",,,,"trend.score",,TRUE,-1,1,FALSE,,,,222
"CW","rn_cw_pathogen_trend","Trends in access to improved sanitation as a proxy for pathogen pollution trend","Trends in percent of population with access to improved sanitation facilities ","5.57","trend score","po_pathogens_trend_sanitation2008to2011_popninland25km2008to2013.csv","trend","rgn_id",,,,"trend",,TRUE,-0.0940269277341567,0.0324969508670384,FALSE,,,,222
"CW","rn_cw_coastalpopn_trend","Coastal human population as a proxy for trend in trash","Coastal population, defined as the total population inland of 25 miles ","5.09","trend score","rgn_popn5yrtrend_inland25mi_2008to2013.csv","trend","rgn_id",,,,"trend",,TRUE,-0.189382246579428,0.270753851039487,FALSE,,,,222
"FIS NP","rn_fis_status","Fisheries status","Modeled fisheries status based on the Sea Around Us Project ","5.2","status score","FIS_Status_2013a_lyr.csv","status","rgn_id",,,"year","status",,TRUE,0,0.86,TRUE,,,,222
"FIS","rn_fis_trend","Fisheries trend","Modeled fisheries trend based on the Sea Around Us Project (status)","5.2","trend score","FIS_Trend_2013a_lyr.csv","trend","rgn_id",,,,"trend",,TRUE,-0.181428571,0.455714286,FALSE,,,,222
"FP","rn_fp_wildcaught_weight","Fisheries weighting factor","Proportional yield of wild caught fisheries","5.2","value","GL_FP_wildcaught_weight_v2013a_lyr.csv","w_fis","rgn_id",,,,"w_fis",,TRUE,0.145926531,1,TRUE,,,,222
"pressures HAB","rnk_hab_presence","Habitat presence","Modeled combined habitat presence",,"boolean","hab_habitat_presence.csv","boolean","rgn_id",,"habitat",,"boolean",,TRUE,1,1,TRUE,,,,222
"HAB CS CP","rnk_hab_extent","Habitat extent","Modeled combined habitat extent",,"km^2","hab_habitat_extent.csv","km2","rgn_id",,"habitat",,"km2",,TRUE,0,3804040,FALSE,,,,222
"HAB CS CP","rnk_hab_health","Habitat health","Modeled combined habitat health condition trend",,"value","hab_habitat_health_disaggregatedNature2012.csv","health","rgn_id",,"habitat",,"health",,TRUE,0,1,TRUE,,,,222
"HAB CS CP","rnk_hab_trend","Habitat health trend","Modeled combined habitat health trend",,"trend score","hab_habitat_trend_disaggregatedNature2012.csv","trend","rgn_id",,"habitat",,"trend",,TRUE,-1,1,FALSE,,,,222
"ICO","rnk_ico_spp_extinction_status","IUCN extinction risk category for iconic species","International Union for Conservation of Nature (IUCN) Red List threat categories with aggregated species lists ","5.29","category","ico_spp_extinction_status.csv","category","rgn_id",,"sciname",,,"category",TRUE,,,,,,,222
"ICO","rnk_ico_spp_popn_trend","IUCN population trend as a proxy for iconic species trend","International Union for Conservation of Nature (IUCN) Red List threat categories with aggregated species lists ","5.29","trend score","ico_spp_popn_trend.csv","popn_trend","rgn_id",,"sciname",,,"popn_trend",TRUE,,,,,,,222
"LE pressures","rnk_le_sector_weight","Jobs weighting","Jobs weighting by sector (defaulting to 1)",,"value","le_sector_weight_disaggregateNature2012b.csv","weight","rgn_id",,"sector",,"weight",,TRUE,1,1,TRUE,,,,222
"LSP","rny_lsp_prot_area_inland1km","Coastal protected areas inland 1km","Coastal protected areas inland to 1km","5.4","km^2","lsp_prot_area_inland1km.csv","area_km2","rgn_id",,,"year","area_km2",,TRUE,0.87325077158,28756.1479081,FALSE,,,,222
"LSP","rny_lsp_prot_area_offshore3nm","Coastal marine protected areas offshore 3km","Coastal marine protected areas offshore to 3nm","5.4","km^2","lsp_prot_area_offshore3nmb.csv","area_km2","rgn_id",,,"year","area_km2",,TRUE,0,56272.27972,FALSE,,,,222
"MAR","rn_mar_status","Mariculture status","Yield and value of cultured marine taxa from marine and brackish water environments","5.34","status score","GL_NCEAS_MAR_Status_v2013a_lyr.csv","status","rgn_id",,,,"status",,TRUE,0,1,TRUE,,,,222
"MAR","rn_mar_trend","Mariculture trend","Yield and value of cultured marine taxa from marine and brackish water environments","5.34","trend score","GL_NCEAS_MAR_Trend_v2013a_lyr.csv","trend","rgn_id",,,,"trend",,TRUE,-0.23,0.32,FALSE,,,,222
"NP","rnky_np_harvest_relative","Harvest of marine resources","Yield and value of six marine resources (coral, fish oil, seaweed and plants, shells, sponges, ornamental fish)","5.51-5.53","value","np_harvest_relative_v2013a_updated_lyr_NAmanualoverride.csv","score","rgn_id",,"product","year","score",,TRUE,0,1,TRUE,,,,222
"NP","rnk_np_sustainability_score","Sustainability of marine resource harvest","Assigned sustainability based on Convention on International Trade in Endangered Species of Wild Fauna and Flora (CITES) listed species","5.51-5.53","value","np_sustainability_v2013a_updated_lyr.csv","score","rgn_id",,"product",,"score",,TRUE,0,1,TRUE,,,,222
"NP pressures","rnk_np_weights_combo","Harvest of marine resources: weights","Weighting of marine resource harvest","5.51-5.53","tons","np_weight_combo_2013a_updated_lyr.csv","weight","rgn_id",,"product",,"weight",,TRUE,0,1,TRUE,,,,222
"pressures","cc_acid","Ocean acidification","Modeled distribution of the aragonite saturation state (AAS) of the ocean in pre-industrial (~1870) and modern times (2000-2009) from Halpern et al. 2008","5.56","pressure score","cc_acid_2013.csv","pressure_score","rgn_id",,,,"pressure_score",,TRUE,0.0135662,0.974705,TRUE,,,,222
"pressures","cc_slr","Sea level rise","Modeled sea level rise after Halpern et al. 2008","5.63","pressure score","cc_slr_2013.csv","pressure_score","rgn_id",,,,"pressure_score",,TRUE,5.51248910833575e-06,0.000825506825442928,TRUE,,,,222
"pressures","cc_sst","Sea surface temperature (SST) anomalies","Modeled sea level rise after Halpern et al. 2008","5.64","pressure score","cc_sst_2013.csv","pressure_score","rgn_id",,,,"pressure_score",,TRUE,0,0.909090909090909,TRUE,,,,222
"pressures","cc_uv","UV radiation","Modeled UV radiation after Halpern et al. 2008","5.76","pressure score","cc_uv_2013.csv","pressure_score","rgn_id",,,,"pressure_score",,TRUE,0.601021494082126,0.909090909090909,TRUE,,,,222
"pressures","fp_art_hb","High bycatch caused by artisanal fishing ","The presence of destructive artisanal blast and poison (cyanide) fishing","5.02","pressure score","p_fp_art_hb_disaggregateNature2012.csv","pressures.score","rgn_id",,,,"pressures.score",,TRUE,1.295083288e-05,0.25366568914956,TRUE,,,,222
"pressures","fp_art_lb","Low bycatch caused by artisanal fishing ","Statistics of low bycatch artisanal fishing using non-destructive practices","5.03","pressure score","fp_art_lb_2013.csv","pressure_score","rgn_id",,,,"pressure_score",,TRUE,0,0.909090909090909,TRUE,,,,222
"pressures","fp_com_hb","High bycatch caused by commercial fishing ","Statistics of destructive commercial fishing practices by 5 different gear types (developed in Halpern et al. 2008)","5.11","pressure score","fp_com_hb_2013.csv","pressure_score","rgn_id",,,,"pressure_score",,TRUE,0,0.18820895,TRUE,,,,222
"pressures","fp_com_lb","Low bycatch caused by commercial fishing ","Statistics of least destructive commercial fishing practices by 2 different gear types (developed in Halpern et al. 2008)","5.12","pressure score","fp_com_lb_2013.csv","pressure_score","rgn_id",,,,"pressure_score",,TRUE,0,0.1690305,TRUE,,,,222
"pressures","fp_targetharvest","Targeted harvest of cetaceans and sea turtles","Targeted harvest of cetaceans and marine turtles, from Food and Agricultural Organization data","5.7","pressure score","rgn_fao_targeted_2013a_rescaled.csv","score","rgn_id",,,,"score",,TRUE,0,0.909090909090909,TRUE,,,,222
"pressures","hd_intertidal","Coastal population density as a proxy for intertidal habitat destruction","Coastal population density within 10 km of the coast","5.25","pressure score","hd_intertidal_2013.csv","pressure_score","rgn_id",,,,"pressure_score",,TRUE,0,0.530149,TRUE,,,,222
"pressures","hd_subtidal_hb","High bycatch artisanal fishing practices as a proxy for subtidal hard bottom habitat destruction","The presence of destructive artisanal blast and poison (cyanide) fishing","5.26","pressure score","p_hd_subtidal_hb_v2013a.csv","value","rgn_id",,,,"value",,TRUE,1.3e-05,0.253665689,TRUE,,,,222
"pressures","hd_subtidal_sb","High bycatch commercial fishing practices as a proxy for subtidal soft bottom habitat destruction","Spatially distributed commercial catch data by fishing gear type, developed by Sea Around Us Project","5.27","pressure score","po_rgn_hd_subtidal_sb_2013a.csv","pressures.score","rgn_id",,,,"pressures.score",,TRUE,0,0.992856206,TRUE,,,,222
"pressures","po_chemicals","Ocean-based chemical pollution","Ocean-based chemical pollution from commercial shipping traffic and ports and harbors","5.08","pressure score","po_chemicals_2013.csv","pressure_score","rgn_id",,,,"pressure_score",,TRUE,0.000133491581905408,0.764782278905096,TRUE,,,,222
"pressures","po_chemicals_3nm","Land-based chemical pollution","Land-based organic pollution at 1km2 resolution (as developed in Halpern et al. 2008)","5.06-5.07","pressure score","po_chemicals_3nm_2013.csv","pressure_score","rgn_id",,,,"pressure_score",,TRUE,0,0.631873593517296,TRUE,,,,222
"pressures","po_nutrients","Ocean nutrient pollution","Modeled ocean nutrient pollution based on Halpern et al. 2008","5.55","pressure score","po_nutrients_2013.csv","pressure_score","rgn_id",,,,"pressure_score",,TRUE,0,0.334982,TRUE,,,,222
"pressures","po_nutrients_3nm","Coastal nutrient pollution","Modeled coastal nutrient pollution based on Halpern et al. 2008","5.55","pressure score","po_nutrients_3nm_2013.csv","pressure_score","rgn_id",,,,"pressure_score",,TRUE,0,0.341163,TRUE,,,,222
"pressures","po_pathogens","Access to improved sanitation as a proxy for pathogen pollution","Percent of population with access to improved sanitation facilities ","5.57","pressure score","po_pathogens_sanitation2011_popninland25km2013.csv","pressure_score","rgn_id",,,,"pressure_score",,TRUE,0,0.909090909090909,TRUE,,,,222
"pressures","po_trash","Trash pollution","Density of trash from coastal land and sea","5.73","pressure score","po_trash2012.csv","pressure_score","rgn_id",,,,"pressure_score",,TRUE,0,0.909090909090909,TRUE,,,,222
"pressures","sp_alien","Alien species","The number and type of invasive and harmful invasive species in each marine ecoregion","5.01","pressure score","p_sp_alien_2013a.csv","pressures.score","rgn_id",,,,"pressures.score",,TRUE,0,1,TRUE,,,,222
"pressures","sp_genetic","Introduced species as a proxy for genetic escapes ","Statistics on native or introduced species from the Mariculture Sustainibility Index (MSI)","5.22","pressure score","GenEsc_v2013a.csv","pressures.score","rgn_id",,,,"pressures.score",,TRUE,0,1,TRUE,,,,222
"pressures","ss_wgi","Weakness of governance indicated with the WGI","Inverse of World Governance Indicators (WGI) six combined scores","5.77","pressure score","rgn_wb_wgi_2013a_rescaled_inverse.csv","score","rgn_id",,,,"score",,TRUE,0.128125372616126,0.959156983820862,TRUE,,,,222
"spatial","cn_cntry_rgn","Regions per country","regions per country",,"region id","cntry_rgn_2013.csv","rgn_id",,"cntry_key",,,"rgn_id",,TRUE,1,250,FALSE,,,,222
"spatial","cnk_cntry_georegions","Georegion ids per country, at 3 georegion levels","georegions per country, at 3 georegion levels",,"georegion id","cntry_georegions_long_2013b.csv","georgn_id",,"cntry_key","level",,"georgn_id",,TRUE,1,999,FALSE,,,,222
"spatial","rn_rgn_area","Region area of total EEZ ocean","region in water area",,"km^2","rgn_fao_gcs_area.csv","area_km2","rgn_id",,,,"area_km2",,TRUE,9.46355858358,31057239.8303,FALSE,,,,222
"spatial","rn_rgn_area_inland1km","Regoin area 1mi inland","inland area 1 mile from shore",,"km^2","rgn_area_inland1km.csv","area_km2","rgn_id",,,,"area_km2",,TRUE,1.7465015431603,163643.701591034,FALSE,,,,222
"spatial","rn_rgn_area_offshore3nm","Regoin area offshore 3nm","offshore area 3 nautical miles from shore",,"km^2","rgn_area_offshore3nm.csv","area_km2","rgn_id",,,,"area_km2",,TRUE,10.4790092589618,629255.77349294,FALSE,,,,222
"spatial","rnk_rgn_georegions","Georegion ids per region, at 3 georegion levels","georegions per region, at 3 georegion levels",,"georegion id","rgn_georegions_long_2013b.csv","georgn_id","rgn_id",,"level",,"georgn_id",,TRUE,1,999,FALSE,,,,222
"spatial","rtk_rgn_georegion_labels","Georegion labels per region, at 3 georegion levels","georegions per region, at 3 georegion levels",,"label","rgn_georegions_labels_long_2013b.csv","label","rgn_id",,"level",,,"label",TRUE,,,,,,,222
"spatial","rnk_rgn_global","regions used in global analysis for Nature 2012, subset of regions_labels by type=eez and not deleted or disputed ","regions used in global analysis for Nature 2012, subset of regions_labels by type=eez and not deleted or disputed ",,"label","rgn_global.csv","label","rgn_id",,,,,"label",TRUE,,,,,,,222
"spatial","rtk_rgn_labels","regions by type (eez, subocean, unclaimed) and label","regions by type (eez, subocean, unclaimed) and label",,"label","rgn_labels.csv","label","rgn_id",,"type",,,"label",TRUE,,,,,,,222
"resilience","alien_species","Alien species","The number and type of invasive and harmful invasive species in each marine ecoregion","5.01","resilience score","r_alien_species_Nature2012disaggregated.csv","resilience score","rgn_id",,,,"resilience.score",,TRUE,0,1,TRUE,,,,222
"resilience","cites","Resilience from commitment to CITES","Convention on International Trade in Endangered Species of Wild Fauna and Flora (CITES) signatories","5.15","resilience score","r_cites_2013a.csv","resilience score","rgn_id",,,,"resilience.score",,TRUE,0,1,TRUE,,,,222
"resilience","fishing_v1","CBD survey: coastal fishing v1","Convention on Biological Diversity (CBD) Third National Survey questions in 2005","5.14","resilience score","r_fishing_v1_2013a.csv","resilience score","rgn_id",,,,"resilience.score",,TRUE,0.241538566918161,0.892453964007202,TRUE,,,,222
"resilience","fishing_v1_eez","CBD survey: ocean fishing v1","Convention on Biological Diversity (CBD) Third National Survey questions in 2005","5.14","resilience score","r_fishing_v1_eez_2013a.csv","resilience score","rgn_id",,,,"resilience.score",,TRUE,0.190061654351495,0.803602501344025,TRUE,,,,222
"resilience","fishing_v2_eez","CBD survey: ocean fishing v2","Convention on Biological Diversity (CBD) Third National Survey questions in 2005","5.14","resilience score","r_fishing_v2_eez_2013a.csv","resilience score","rgn_id",,,,"resilience.score",,TRUE,0.245046240763621,0.766252150695941,TRUE,,,,222
"resilience","fishing_v3","CBD survey: coastal fishing v3","Convention on Biological Diversity (CBD) Third National Survey questions in 2005","5.14","resilience score","r_fishing_v3_2013a.csv","resilience score","rgn_id",,,,"resilience.score",,TRUE,0.245507455539828,0.901998500191288,TRUE,,,,222
"resilience","fishing_v3_eez","CBD survey: ocean fishing v3","Convention on Biological Diversity (CBD) Third National Survey questions in 2005","5.14","resilience score","r_fishing_v3_eez_2013a.csv","resilience score","rgn_id",,,,"resilience.score",,TRUE,0.194030542973161,0.812899771097748,TRUE,,,,222
"resilience","habitat","CBD survey: habitat","Convention on Biological Diversity (CBD) Third National Survey questions in 2005","5.14","resilience score","r_habitat_2013a.csv","resilience score","rgn_id",,,,"resilience.score",,TRUE,0.138087289287079,1,TRUE,,,,222
"resilience","habitat_combo","CBD survey: coastal habitat","Convention on Biological Diversity (CBD) Third National Survey questions in 2005","5.14","resilience score","r_habitat_combo_2013a.csv","resilience score","rgn_id",,,,"resilience.score",,TRUE,0.123025268,0.99999775,TRUE,,,,222
"resilience","habitat_combo_eez","CBD survey: ocean habitat","Convention on Biological Diversity (CBD) Third National Survey questions in 2005","5.14","resilience score","r_habitat_combo_eez_2013a.csv","resilience score","rgn_id",,,,"resilience.score",,TRUE,0.086045814459742,0.943233237345455,TRUE,,,,222
"resilience","li_gci","GCI: competitiveness in achieving sustained economic prosperity","Global Competitiveness Index (GCI) scores (score)","5.23","resilience score","rgn_wef_gci_2013a_rescaled.csv","score","rgn_id",,,"year","score",,TRUE,0.303333333333333,0.778333333333333,TRUE,,,,222
"resilience","li_sector_evenness","Sector evenness as a measure of economic diversity","Shannon's Diversity Index calculated sector evenness based on the total number of sectors and the proportion of jobs belonging to any sector","5.66","resilience score","r_li_sector_evenness_2013a.csv","resilience score","rgn_id",,,,"resilience.score",,TRUE,0,0.997518269205,TRUE,,,,222
"resilience","mariculture","CBD survey: mariculture","Convention on Biological Diversity (CBD) Third National Survey questions in 2005","5.14","resilience score","r_mariculture_2013a.csv","resilience score","rgn_id",,,,"resilience.score",,TRUE,0.054428393263486,1,TRUE,,,,222
"resilience","msi_gov"," MSI sustainability and regulations","Mariculture practice assessment criteria from the Mariculture Sustainability Index (MSI)","5.33","resilience score","r_msi_gov_2013a.csv","resilience score","rgn_id",,,,"resilience.score",,TRUE,0.1,0.8576923077,TRUE,,,,222
"resilience","species_diversity","Ocean ecological integrity","Marine species diversity as a proxy for ecological integrity: ocean","5.18","resilience score","rgn_spp_score_2013.csv","score","rgn_id",,,,"score",,TRUE,0.743259450182977,0.930308754120408,TRUE,,,,222
"resilience","species_diversity_3nm","Coastal ecological integrity","Marine species diversity as a proxy for ecological integrity: coastal","5.18","resilience score","rgn_spp_score_offshore3nm_2013.csv","score","rgn_id",,,,"score",,TRUE,0.752102387423915,0.943822818112876,TRUE,,,,222
"resilience","tourism","CBD survey: tourism","Convention on Biological Diversity (CBD) Third National Survey questions in 2005","5.14","resilience score","r_tourism_2013a.csv","resilience score","rgn_id",,,,"resilience.score",,TRUE,0,1,TRUE,,,,222
"resilience","water","CBD survey: water","Convention on Biological Diversity (CBD) Third National Survey questions in 2005","5.14","resilience score","r_water_2013a.csv","resilience score","rgn_id",,,,"resilience.score",,TRUE,0,1,TRUE,,,,222
"resilience","wgi_all","Strength of governance indicated with the WGI","World Governance Indicators (WGI) six combined scores","5.77","resilience score","rgn_wb_wgi_2013a_rescaled.csv","score","rgn_id",,,,"score",,TRUE,0.040843016179138,0.871874627383874,TRUE,,,,222
"SPP","rn_spp_status","Species lists and IUCN threat categories as a proxy for iconic species status","International Union for Conservation of Nature (IUCN) Red List threat categories with aggregated species lists ","5.29","status score","rgn_spp_score_2013.csv","score","rgn_id",,,,"score",,TRUE,0.743259450182977,0.930308754120408,TRUE,,,,222
"SPP","rn_spp_trend","Species lists and IUCN threat categories as a proxy for iconic species trend","International Union for Conservation of Nature (IUCN) Red List threat categories with aggregated species lists ","5.29","trend score","rgn_spp_trend_2013.csv","score","rgn_id",,,,"score",,TRUE,-0.464904077028102,0.0977703458133595,FALSE,,,,222
"TR","rn_tr_status","Modeled tourism status","Modeled tourism status with updated approach","5.75","status score","TourRec_Status_2013a_Sep23b.csv","status","rgn_id",,,,"status",,TRUE,0,100,FALSE,,,,222
"TR","rn_tr_trend","Modeled tourism trend","Modeled tourism trend with updated approach","5.75","trend score","TourRec_Trend_2013a_Sep23b.csv","trend","rgn_id",,,,"trend",,TRUE,-0.145058067,0.066334047,FALSE,,,,222
"LIV ECO","rn_liveco_status","Modeled livelihoods and economies status","Modeled livelihoods and economies status based on new approach","5.41-5.46","status score","rgn_liv.eco_status_2013a.csv","value","rgn_id",,"component",,"value",,TRUE,0.000380686126825058,1,TRUE,,,,222
"LIV ECO","rn_liveco_trend","Modeled livelihoods and economies trend","Modeled livelihoods and economies trend based on new approach","5.41-5.46","trend score","rgn_liv.eco_trend_2013a.csv","value","rgn_id",,"component",,"value",,TRUE,-0.998437811712268,0.999964535332029,FALSE,,,,222
"LIV ECO","rny_le_popn","Total population by subregion","Population data from The World Bank","5.71","count","rgn_wb_pop_2013a_updated.csv","count","rgn_id",,,"year","count",,TRUE,0,1350695000,FALSE,,,,222
