"rgn_id","habitat","boolean"
1,"coral",1
2,"coral",1
5,"coral",1
6,"coral",1
7,"coral",1
8,"coral",1
9,"coral",1
10,"coral",1
11,"coral",1
12,"coral",1
13,"coral",1
14,"coral",1
15,"coral",1
16,"coral",1
17,"coral",1
18,"coral",1
19,"coral",1
24,"coral",1
25,"coral",1
26,"coral",1
28,"coral",1
29,"coral",1
30,"coral",1
31,"coral",1
32,"coral",1
33,"coral",1
34,"coral",1
35,"coral",1
36,"coral",1
37,"coral",1
38,"coral",1
39,"coral",1
40,"coral",1
41,"coral",1
42,"coral",1
43,"coral",1
44,"coral",1
45,"coral",1
46,"coral",1
47,"coral",1
48,"coral",1
49,"coral",1
50,"coral",1
51,"coral",1
52,"coral",1
54,"coral",1
79,"coral",1
102,"coral",1
108,"coral",1
110,"coral",1
111,"coral",1
112,"coral",1
113,"coral",1
114,"coral",1
115,"coral",1
116,"coral",1
117,"coral",1
118,"coral",1
119,"coral",1
120,"coral",1
122,"coral",1
123,"coral",1
124,"coral",1
125,"coral",1
126,"coral",1
127,"coral",1
129,"coral",1
130,"coral",1
131,"coral",1
132,"coral",1
133,"coral",1
135,"coral",1
137,"coral",1
139,"coral",1
140,"coral",1
146,"coral",1
147,"coral",1
148,"coral",1
150,"coral",1
151,"coral",1
152,"coral",1
153,"coral",1
154,"coral",1
155,"coral",1
156,"coral",1
157,"coral",1
158,"coral",1
159,"coral",1
161,"coral",1
163,"coral",1
164,"coral",1
166,"coral",1
171,"coral",1
190,"coral",1
191,"coral",1
202,"coral",1
203,"coral",1
204,"coral",1
205,"coral",1
206,"coral",1
207,"coral",1
208,"coral",1
209,"coral",1
210,"coral",1
212,"coral",1
214,"coral",1
215,"coral",1
216,"coral",1
220,"coral",1
221,"coral",1
231,"coral",1
237,"coral",1
244,"coral",1
245,"coral",1
247,"coral",1
248,"coral",1
249,"coral",1
250,"coral",1
255,"coral",1
5,"mangrove",1
6,"mangrove",1
7,"mangrove",1
8,"mangrove",1
9,"mangrove",1
15,"mangrove",1
16,"mangrove",1
17,"mangrove",1
18,"mangrove",1
24,"mangrove",1
25,"mangrove",1
26,"mangrove",1
29,"mangrove",1
31,"mangrove",1
35,"mangrove",1
39,"mangrove",1
40,"mangrove",1
41,"mangrove",1
42,"mangrove",1
43,"mangrove",1
44,"mangrove",1
45,"mangrove",1
46,"mangrove",1
47,"mangrove",1
48,"mangrove",1
49,"mangrove",1
50,"mangrove",1
53,"mangrove",1
54,"mangrove",1
65,"mangrove",1
66,"mangrove",1
96,"mangrove",1
97,"mangrove",1
99,"mangrove",1
100,"mangrove",1
102,"mangrove",1
104,"mangrove",1
106,"mangrove",1
110,"mangrove",1
111,"mangrove",1
112,"mangrove",1
113,"mangrove",1
114,"mangrove",1
115,"mangrove",1
116,"mangrove",1
119,"mangrove",1
120,"mangrove",1
122,"mangrove",1
125,"mangrove",1
126,"mangrove",1
129,"mangrove",1
130,"mangrove",1
131,"mangrove",1
132,"mangrove",1
133,"mangrove",1
134,"mangrove",1
135,"mangrove",1
136,"mangrove",1
137,"mangrove",1
138,"mangrove",1
139,"mangrove",1
140,"mangrove",1
152,"mangrove",1
155,"mangrove",1
162,"mangrove",1
163,"mangrove",1
164,"mangrove",1
166,"mangrove",1
167,"mangrove",1
168,"mangrove",1
169,"mangrove",1
171,"mangrove",1
190,"mangrove",1
191,"mangrove",1
193,"mangrove",1
194,"mangrove",1
195,"mangrove",1
196,"mangrove",1
197,"mangrove",1
198,"mangrove",1
199,"mangrove",1
200,"mangrove",1
202,"mangrove",1
203,"mangrove",1
204,"mangrove",1
205,"mangrove",1
206,"mangrove",1
207,"mangrove",1
214,"mangrove",1
216,"mangrove",1
231,"mangrove",1
237,"mangrove",1
244,"mangrove",1
245,"mangrove",1
247,"mangrove",1
250,"mangrove",1
255,"mangrove",1
16,"saltmarsh",1
59,"saltmarsh",1
69,"saltmarsh",1
70,"saltmarsh",1
153,"saltmarsh",1
154,"saltmarsh",1
156,"saltmarsh",1
162,"saltmarsh",1
163,"saltmarsh",1
176,"saltmarsh",1
177,"saltmarsh",1
178,"saltmarsh",1
179,"saltmarsh",1
180,"saltmarsh",1
181,"saltmarsh",1
184,"saltmarsh",1
209,"saltmarsh",1
218,"saltmarsh",1
222,"saltmarsh",1
227,"saltmarsh",1
228,"saltmarsh",1
1,"seaice_edge",1
2,"seaice_edge",1
3,"seaice_edge",1
21,"seaice_edge",1
69,"seaice_edge",1
70,"seaice_edge",1
73,"seaice_edge",1
85,"seaice_edge",1
86,"seaice_edge",1
88,"seaice_edge",1
89,"seaice_edge",1
95,"seaice_edge",1
105,"seaice_edge",1
141,"seaice_edge",1
143,"seaice_edge",1
144,"seaice_edge",1
145,"seaice_edge",1
163,"seaice_edge",1
174,"seaice_edge",1
175,"seaice_edge",1
176,"seaice_edge",1
177,"seaice_edge",1
178,"seaice_edge",1
179,"seaice_edge",1
180,"seaice_edge",1
189,"seaice_edge",1
209,"seaice_edge",1
210,"seaice_edge",1
213,"seaice_edge",1
218,"seaice_edge",1
219,"seaice_edge",1
222,"seaice_edge",1
223,"seaice_edge",1
227,"seaice_edge",1
228,"seaice_edge",1
1,"seagrass",1
2,"seagrass",1
5,"seagrass",1
6,"seagrass",1
7,"seagrass",1
8,"seagrass",1
9,"seagrass",1
11,"seagrass",1
13,"seagrass",1
14,"seagrass",1
15,"seagrass",1
16,"seagrass",1
17,"seagrass",1
18,"seagrass",1
25,"seagrass",1
26,"seagrass",1
28,"seagrass",1
29,"seagrass",1
37,"seagrass",1
39,"seagrass",1
40,"seagrass",1
41,"seagrass",1
42,"seagrass",1
43,"seagrass",1
45,"seagrass",1
47,"seagrass",1
49,"seagrass",1
50,"seagrass",1
51,"seagrass",1
52,"seagrass",1
54,"seagrass",1
58,"seagrass",1
66,"seagrass",1
68,"seagrass",1
73,"seagrass",1
75,"seagrass",1
79,"seagrass",1
96,"seagrass",1
98,"seagrass",1
99,"seagrass",1
102,"seagrass",1
106,"seagrass",1
110,"seagrass",1
111,"seagrass",1
112,"seagrass",1
113,"seagrass",1
114,"seagrass",1
115,"seagrass",1
116,"seagrass",1
117,"seagrass",1
118,"seagrass",1
119,"seagrass",1
120,"seagrass",1
121,"seagrass",1
122,"seagrass",1
123,"seagrass",1
124,"seagrass",1
125,"seagrass",1
129,"seagrass",1
131,"seagrass",1
132,"seagrass",1
133,"seagrass",1
135,"seagrass",1
139,"seagrass",1
140,"seagrass",1
147,"seagrass",1
151,"seagrass",1
152,"seagrass",1
155,"seagrass",1
163,"seagrass",1
164,"seagrass",1
166,"seagrass",1
171,"seagrass",1
175,"seagrass",1
178,"seagrass",1
179,"seagrass",1
182,"seagrass",1
184,"seagrass",1
190,"seagrass",1
191,"seagrass",1
192,"seagrass",1
193,"seagrass",1
194,"seagrass",1
196,"seagrass",1
200,"seagrass",1
202,"seagrass",1
203,"seagrass",1
205,"seagrass",1
206,"seagrass",1
207,"seagrass",1
208,"seagrass",1
209,"seagrass",1
210,"seagrass",1
212,"seagrass",1
214,"seagrass",1
215,"seagrass",1
216,"seagrass",1
218,"seagrass",1
220,"seagrass",1
221,"seagrass",1
222,"seagrass",1
231,"seagrass",1
245,"seagrass",1
248,"seagrass",1
249,"seagrass",1
250,"seagrass",1
255,"seagrass",1
269,"seagrass",1
1,"soft_bottom",1
2,"soft_bottom",1
3,"soft_bottom",1
4,"soft_bottom",1
5,"soft_bottom",1
6,"soft_bottom",1
7,"soft_bottom",1
8,"soft_bottom",1
9,"soft_bottom",1
10,"soft_bottom",1
11,"soft_bottom",1
13,"soft_bottom",1
14,"soft_bottom",1
15,"soft_bottom",1
16,"soft_bottom",1
17,"soft_bottom",1
18,"soft_bottom",1
19,"soft_bottom",1
20,"soft_bottom",1
21,"soft_bottom",1
24,"soft_bottom",1
25,"soft_bottom",1
26,"soft_bottom",1
28,"soft_bottom",1
29,"soft_bottom",1
30,"soft_bottom",1
31,"soft_bottom",1
32,"soft_bottom",1
33,"soft_bottom",1
34,"soft_bottom",1
37,"soft_bottom",1
38,"soft_bottom",1
39,"soft_bottom",1
40,"soft_bottom",1
41,"soft_bottom",1
42,"soft_bottom",1
43,"soft_bottom",1
44,"soft_bottom",1
45,"soft_bottom",1
46,"soft_bottom",1
47,"soft_bottom",1
48,"soft_bottom",1
49,"soft_bottom",1
50,"soft_bottom",1
51,"soft_bottom",1
52,"soft_bottom",1
53,"soft_bottom",1
54,"soft_bottom",1
55,"soft_bottom",1
56,"soft_bottom",1
57,"soft_bottom",1
58,"soft_bottom",1
59,"soft_bottom",1
60,"soft_bottom",1
61,"soft_bottom",1
62,"soft_bottom",1
63,"soft_bottom",1
64,"soft_bottom",1
65,"soft_bottom",1
66,"soft_bottom",1
67,"soft_bottom",1
68,"soft_bottom",1
69,"soft_bottom",1
70,"soft_bottom",1
71,"soft_bottom",1
72,"soft_bottom",1
73,"soft_bottom",1
74,"soft_bottom",1
75,"soft_bottom",1
76,"soft_bottom",1
77,"soft_bottom",1
78,"soft_bottom",1
79,"soft_bottom",1
80,"soft_bottom",1
81,"soft_bottom",1
82,"soft_bottom",1
84,"soft_bottom",1
85,"soft_bottom",1
86,"soft_bottom",1
88,"soft_bottom",1
89,"soft_bottom",1
90,"soft_bottom",1
92,"soft_bottom",1
93,"soft_bottom",1
94,"soft_bottom",1
95,"soft_bottom",1
96,"soft_bottom",1
97,"soft_bottom",1
98,"soft_bottom",1
100,"soft_bottom",1
101,"soft_bottom",1
102,"soft_bottom",1
103,"soft_bottom",1
104,"soft_bottom",1
106,"soft_bottom",1
107,"soft_bottom",1
108,"soft_bottom",1
110,"soft_bottom",1
111,"soft_bottom",1
112,"soft_bottom",1
113,"soft_bottom",1
114,"soft_bottom",1
115,"soft_bottom",1
116,"soft_bottom",1
117,"soft_bottom",1
118,"soft_bottom",1
119,"soft_bottom",1
120,"soft_bottom",1
121,"soft_bottom",1
122,"soft_bottom",1
123,"soft_bottom",1
124,"soft_bottom",1
125,"soft_bottom",1
126,"soft_bottom",1
127,"soft_bottom",1
129,"soft_bottom",1
130,"soft_bottom",1
131,"soft_bottom",1
132,"soft_bottom",1
133,"soft_bottom",1
134,"soft_bottom",1
135,"soft_bottom",1
136,"soft_bottom",1
137,"soft_bottom",1
138,"soft_bottom",1
139,"soft_bottom",1
140,"soft_bottom",1
141,"soft_bottom",1
143,"soft_bottom",1
144,"soft_bottom",1
145,"soft_bottom",1
147,"soft_bottom",1
148,"soft_bottom",1
149,"soft_bottom",1
150,"soft_bottom",1
153,"soft_bottom",1
154,"soft_bottom",1
155,"soft_bottom",1
157,"soft_bottom",1
158,"soft_bottom",1
159,"soft_bottom",1
161,"soft_bottom",1
162,"soft_bottom",1
163,"soft_bottom",1
164,"soft_bottom",1
166,"soft_bottom",1
167,"soft_bottom",1
168,"soft_bottom",1
169,"soft_bottom",1
171,"soft_bottom",1
172,"soft_bottom",1
173,"soft_bottom",1
174,"soft_bottom",1
175,"soft_bottom",1
176,"soft_bottom",1
177,"soft_bottom",1
178,"soft_bottom",1
179,"soft_bottom",1
180,"soft_bottom",1
181,"soft_bottom",1
182,"soft_bottom",1
183,"soft_bottom",1
184,"soft_bottom",1
186,"soft_bottom",1
187,"soft_bottom",1
188,"soft_bottom",1
189,"soft_bottom",1
190,"soft_bottom",1
191,"soft_bottom",1
192,"soft_bottom",1
193,"soft_bottom",1
194,"soft_bottom",1
195,"soft_bottom",1
196,"soft_bottom",1
197,"soft_bottom",1
198,"soft_bottom",1
199,"soft_bottom",1
200,"soft_bottom",1
202,"soft_bottom",1
203,"soft_bottom",1
204,"soft_bottom",1
205,"soft_bottom",1
206,"soft_bottom",1
207,"soft_bottom",1
208,"soft_bottom",1
209,"soft_bottom",1
210,"soft_bottom",1
212,"soft_bottom",1
213,"soft_bottom",1
214,"soft_bottom",1
216,"soft_bottom",1
218,"soft_bottom",1
219,"soft_bottom",1
220,"soft_bottom",1
221,"soft_bottom",1
222,"soft_bottom",1
223,"soft_bottom",1
224,"soft_bottom",1
227,"soft_bottom",1
228,"soft_bottom",1
231,"soft_bottom",1
232,"soft_bottom",1
237,"soft_bottom",1
247,"soft_bottom",1
248,"soft_bottom",1
249,"soft_bottom",1
255,"soft_bottom",1
260,"soft_bottom",1
261,"soft_bottom",1
262,"soft_bottom",1
264,"soft_bottom",1
266,"soft_bottom",1
267,"soft_bottom",1
268,"soft_bottom",1
269,"soft_bottom",1
270,"soft_bottom",1
271,"soft_bottom",1
273,"soft_bottom",1
274,"soft_bottom",1
276,"soft_bottom",1
277,"soft_bottom",1
278,"soft_bottom",1
