"rgn_id","product","score"
5,"corals",0
6,"corals",0.498857031
7,"corals",0.499772517
8,"corals",0.498891142
9,"corals",0.499836641
11,"corals",0.499706588
14,"corals",0.459209819
15,"corals",0.4965869
16,"corals",0.494145014
17,"corals",0.49992274
18,"corals",0.331664365
19,"corals",0.5
20,"corals",0
21,"corals",0.389
24,"corals",0.483159597
25,"corals",0.496461634
28,"corals",0
29,"corals",0
31,"corals",0
37,"corals",0
39,"corals",0.499430654
40,"corals",0.349048904
41,"corals",0
42,"corals",0.499758101
43,"corals",0.498704586
44,"corals",0.498462399
45,"corals",0.499622314
46,"corals",0
47,"corals",0
48,"corals",0.497797793
49,"corals",0.499087202
50,"corals",0
51,"corals",0
52,"corals",0
53,"corals",0.389
54,"corals",0.495880773
59,"corals",0
61,"corals",0.389
62,"corals",0.389
64,"corals",0
65,"corals",0
66,"corals",0.389
67,"corals",0
69,"corals",0
70,"corals",0
71,"corals",0.389
72,"corals",0.389
73,"corals",0.389
74,"corals",0
75,"corals",0.389
76,"corals",0.389
77,"corals",0.389
78,"corals",0
79,"corals",0
80,"corals",0
81,"corals",0.389
82,"corals",0.389
84,"corals",0
86,"corals",0
96,"corals",0.389
97,"corals",0
98,"corals",0
99,"corals",0
101,"corals",0
102,"corals",0
103,"corals",0
104,"corals",0
106,"corals",0
108,"corals",0
110,"corals",0
111,"corals",0
112,"corals",0.499597488
113,"corals",0
114,"corals",0
115,"corals",0.497879355
119,"corals",0
120,"corals",0
122,"corals",0
123,"corals",0
124,"corals",0
125,"corals",0
126,"corals",0
127,"corals",0.339679726
129,"corals",0
130,"corals",0
131,"corals",0
132,"corals",0.49940534
133,"corals",0
134,"corals",0.389
135,"corals",0
136,"corals",0
137,"corals",0.47905221
138,"corals",0.389
139,"corals",0
140,"corals",0
141,"corals",0
143,"corals",0.389
145,"corals",0.389
147,"corals",0.499802969
152,"corals",0.494598371
153,"corals",0
155,"corals",0
162,"corals",0.389
163,"corals",0.496598571
164,"corals",0
166,"corals",0.133439418
167,"corals",0
168,"corals",0.389
169,"corals",0
171,"corals",0.497742813
172,"corals",0
173,"corals",0
174,"corals",0
175,"corals",0
176,"corals",0
177,"corals",0
178,"corals",0
179,"corals",0.389
180,"corals",0
181,"corals",0
182,"corals",0.389
183,"corals",0
184,"corals",0
186,"corals",0.389
187,"corals",0.389
188,"corals",0
189,"corals",0
190,"corals",0
191,"corals",0.490376935
193,"corals",0
194,"corals",0
195,"corals",0.389
196,"corals",0.389
197,"corals",0.389
198,"corals",0
199,"corals",0
200,"corals",0
202,"corals",0.497739849
203,"corals",0.498763346
204,"corals",0
205,"corals",0
206,"corals",0.470892052
207,"corals",0.390840487
208,"corals",0.35685657
209,"corals",0
210,"corals",0.499408499
212,"corals",0
214,"corals",0.499666925
215,"corals",0
216,"corals",0.499968134
218,"corals",0.5
219,"corals",0
220,"corals",0.213713141
222,"corals",0
223,"corals",0.5
224,"corals",0.5
231,"corals",0
232,"corals",0.389
244,"corals",0.471371314
245,"corals",0.459101877
247,"corals",0
248,"corals",0.496905002
249,"corals",0.452285523
250,"corals",0.489196734
5,"ornamentals",0.995558594
6,"ornamentals",0.989680928
7,"ornamentals",0.988931713
8,"ornamentals",0.997227118
9,"ornamentals",0.999126243
11,"ornamentals",0.997138275
14,"ornamentals",0.9584551
15,"ornamentals",0.932533277
16,"ornamentals",0.989569511
17,"ornamentals",0.982674231
18,"ornamentals",0.990707001
19,"ornamentals",0.999559841
20,"ornamentals",0.946
21,"ornamentals",0.946
24,"ornamentals",0.454569756
25,"ornamentals",0.896689406
28,"ornamentals",0.99389292
29,"ornamentals",0.992374601
31,"ornamentals",0
37,"ornamentals",0.997879809
39,"ornamentals",0.992303291
40,"ornamentals",0.750909982
41,"ornamentals",0.976715978
42,"ornamentals",0.978204748
43,"ornamentals",0.935673224
44,"ornamentals",0.991382368
45,"ornamentals",0.911174597
46,"ornamentals",0.898340872
47,"ornamentals",0.986964343
48,"ornamentals",0.991025395
49,"ornamentals",0.967105916
50,"ornamentals",0.956771933
51,"ornamentals",0.90342096
52,"ornamentals",0.925716837
53,"ornamentals",0.946
54,"ornamentals",0.896418931
59,"ornamentals",0.946
61,"ornamentals",0.955201698
62,"ornamentals",0.760228911
64,"ornamentals",0
65,"ornamentals",0.946
66,"ornamentals",0.946
67,"ornamentals",0.990091976
69,"ornamentals",0.946
70,"ornamentals",0.946
71,"ornamentals",0.968090746
72,"ornamentals",0.969493756
73,"ornamentals",0
74,"ornamentals",0.962790896
75,"ornamentals",0.946
76,"ornamentals",0.943854141
77,"ornamentals",0.91505335
78,"ornamentals",0.474499192
79,"ornamentals",0.978089939
80,"ornamentals",0.945027358
81,"ornamentals",0.946
82,"ornamentals",0.871552653
84,"ornamentals",0.981296371
86,"ornamentals",0.946
96,"ornamentals",0.946
97,"ornamentals",0.946
98,"ornamentals",0.992550645
99,"ornamentals",0.988695286
101,"ornamentals",0.946
102,"ornamentals",0
103,"ornamentals",0.985997863
104,"ornamentals",0.995300498
106,"ornamentals",0.970374514
108,"ornamentals",0.998975845
110,"ornamentals",0
111,"ornamentals",0.994279797
112,"ornamentals",0.947317488
113,"ornamentals",0
114,"ornamentals",0.971637911
115,"ornamentals",0.965288429
119,"ornamentals",0
120,"ornamentals",0.994774018
122,"ornamentals",0.959857625
123,"ornamentals",0
124,"ornamentals",0.98973179
125,"ornamentals",0
126,"ornamentals",0.855425562
127,"ornamentals",0.985582496
129,"ornamentals",0.975075655
130,"ornamentals",0.985732931
131,"ornamentals",0.974702969
132,"ornamentals",0.981034554
133,"ornamentals",0.986398897
134,"ornamentals",0.982602713
135,"ornamentals",0
136,"ornamentals",0.989560224
137,"ornamentals",0.986812999
138,"ornamentals",0.946
139,"ornamentals",0.977516448
140,"ornamentals",0.983400304
141,"ornamentals",0
143,"ornamentals",0.988450936
145,"ornamentals",0.980739968
147,"ornamentals",0.998835811
152,"ornamentals",0.993217747
153,"ornamentals",0
155,"ornamentals",0.997955546
162,"ornamentals",0.946
163,"ornamentals",0
164,"ornamentals",0.910467186
166,"ornamentals",0.993026887
167,"ornamentals",0.946
168,"ornamentals",0.994015536
169,"ornamentals",0.990706942
171,"ornamentals",0.985990871
172,"ornamentals",0.946
173,"ornamentals",0.946
174,"ornamentals",0.946
175,"ornamentals",0.887007326
176,"ornamentals",0.946
177,"ornamentals",0.946
178,"ornamentals",0.946
179,"ornamentals",0.950600586
180,"ornamentals",0.950633203
181,"ornamentals",0.977224126
182,"ornamentals",0.473347282
183,"ornamentals",0.968248321
184,"ornamentals",0.957376968
186,"ornamentals",0
187,"ornamentals",0.801176151
188,"ornamentals",0.946
189,"ornamentals",0.946
190,"ornamentals",0.964023818
191,"ornamentals",0.928910658
193,"ornamentals",0.946
194,"ornamentals",0.946
195,"ornamentals",0.946
196,"ornamentals",0
197,"ornamentals",0
198,"ornamentals",0.986228424
199,"ornamentals",0
200,"ornamentals",0.994570459
202,"ornamentals",0.967742121
203,"ornamentals",0.97656098
204,"ornamentals",0.92096008
205,"ornamentals",0
206,"ornamentals",0.960266998
207,"ornamentals",0.956967567
208,"ornamentals",0
209,"ornamentals",0
210,"ornamentals",0.986026314
212,"ornamentals",0.996941712
214,"ornamentals",0.972032595
215,"ornamentals",0.650575438
216,"ornamentals",0.964968277
218,"ornamentals",0.969779742
219,"ornamentals",0.946
220,"ornamentals",0.889048871
222,"ornamentals",0.825129321
223,"ornamentals",0.971042896
224,"ornamentals",0.983438989
231,"ornamentals",0.923743569
232,"ornamentals",0
244,"ornamentals",0.989578936
245,"ornamentals",0.991602072
247,"ornamentals",0.971118616
248,"ornamentals",0.999006364
249,"ornamentals",0.986450449
250,"ornamentals",0.987212957
5,"sponges",0.999973721
6,"sponges",0
7,"sponges",0
8,"sponges",0
9,"sponges",0
11,"sponges",0
14,"sponges",0.998486758
15,"sponges",0.999952705
16,"sponges",0.999943764
17,"sponges",0.99997436
18,"sponges",0.999963802
19,"sponges",1
20,"sponges",0.974
21,"sponges",0
24,"sponges",0
25,"sponges",0
28,"sponges",0
29,"sponges",0
31,"sponges",0
37,"sponges",0.999587631
39,"sponges",0
40,"sponges",0
41,"sponges",0
42,"sponges",0.999842743
43,"sponges",0.999245125
44,"sponges",0
45,"sponges",0
46,"sponges",0
47,"sponges",0
48,"sponges",0.999686776
49,"sponges",0.99955459
50,"sponges",0.9998687
51,"sponges",0.975635191
52,"sponges",0
53,"sponges",0.974
54,"sponges",0.995021106
59,"sponges",0.974
61,"sponges",0.999488013
62,"sponges",0.997151379
64,"sponges",0
65,"sponges",0.974
66,"sponges",0
67,"sponges",0.991225428
69,"sponges",0.974
70,"sponges",0.974
71,"sponges",0.994001625
72,"sponges",0.974
73,"sponges",0.998641581
74,"sponges",0
75,"sponges",0.974
76,"sponges",0.99621886
77,"sponges",0.982245737
78,"sponges",0.952285523
79,"sponges",0
80,"sponges",0.880227276
81,"sponges",0.974
82,"sponges",0
84,"sponges",0
86,"sponges",0
96,"sponges",0
97,"sponges",0
98,"sponges",0
99,"sponges",0
101,"sponges",0.974
102,"sponges",0.997902664
103,"sponges",0
104,"sponges",0
106,"sponges",0.953753661
108,"sponges",0.999162671
110,"sponges",0.998675147
111,"sponges",0.999532593
112,"sponges",0.988836629
113,"sponges",0
114,"sponges",0.999400733
115,"sponges",0.998837415
119,"sponges",0
120,"sponges",0
122,"sponges",0
123,"sponges",0
124,"sponges",0
125,"sponges",0
126,"sponges",0.996631917
127,"sponges",0
129,"sponges",0
130,"sponges",0
131,"sponges",0
132,"sponges",0.997822496
133,"sponges",0.999954337
134,"sponges",0.98983785
135,"sponges",0.99990603
136,"sponges",0.998751204
137,"sponges",0.998485256
138,"sponges",0.974
139,"sponges",0.999887344
140,"sponges",0
141,"sponges",0
143,"sponges",0.999153625
145,"sponges",0
147,"sponges",0.999930669
152,"sponges",0
153,"sponges",0
155,"sponges",0
162,"sponges",0.974
163,"sponges",0.992672462
164,"sponges",0
166,"sponges",0.998596635
167,"sponges",0.974
168,"sponges",0
169,"sponges",0
171,"sponges",0.999983466
172,"sponges",0.974
173,"sponges",0
174,"sponges",0.974
175,"sponges",0.939213064
176,"sponges",0.974
177,"sponges",0.974
178,"sponges",0.974
179,"sponges",0.993918971
180,"sponges",0.999639977
181,"sponges",0.98496186
182,"sponges",0
183,"sponges",0.999119705
184,"sponges",0.991486845
186,"sponges",0.974
187,"sponges",0.731606069
188,"sponges",0.974
189,"sponges",0.974
190,"sponges",1
191,"sponges",0.999379324
193,"sponges",0
194,"sponges",0
195,"sponges",0.974
196,"sponges",0.999960879
197,"sponges",0
198,"sponges",0
199,"sponges",0
200,"sponges",0
202,"sponges",0.999768611
203,"sponges",0.999867736
204,"sponges",0
205,"sponges",0
206,"sponges",0.999966738
207,"sponges",0
208,"sponges",0.979909714
209,"sponges",0.999907323
210,"sponges",0.999966168
212,"sponges",0
214,"sponges",0.999793153
215,"sponges",0
216,"sponges",0.99999596
218,"sponges",0.999773686
219,"sponges",0
220,"sponges",0
222,"sponges",0.959054422
223,"sponges",0.99866533
224,"sponges",0.994386532
231,"sponges",0
232,"sponges",0
244,"sponges",0
245,"sponges",0
247,"sponges",0
248,"sponges",0
249,"sponges",0
250,"sponges",0
5,"shells",0.993719253
6,"shells",0.999817157
7,"shells",0.99813075
8,"shells",0.999633436
9,"shells",0.999917799
11,"shells",0.999860552
14,"shells",0.996387136
15,"shells",0.986386354
16,"shells",0.998680317
17,"shells",0.993781082
18,"shells",0.999963802
19,"shells",1
20,"shells",0.916
21,"shells",0.916
24,"shells",0
25,"shells",0.900656403
28,"shells",0
29,"shells",0
31,"shells",0.999672727
37,"shells",0
39,"shells",0.999960903
40,"shells",0.739966427
41,"shells",0.983172336
42,"shells",0.891885687
43,"shells",0
44,"shells",0.969690524
45,"shells",0.999656009
46,"shells",0.878418931
47,"shells",0.998791472
48,"shells",0.99671115
49,"shells",0
50,"shells",0.999684879
51,"shells",0.975635191
52,"shells",0
53,"shells",0.916
54,"shells",0.768481407
59,"shells",0.916
61,"shells",0.99908269
62,"shells",0.987181204
64,"shells",0
65,"shells",0
66,"shells",0
67,"shells",0
69,"shells",0.916
70,"shells",0.916
71,"shells",0.607379092
72,"shells",0
73,"shells",0
74,"shells",0
75,"shells",0.916
76,"shells",0.996398914
77,"shells",0.991122868
78,"shells",0.952285523
79,"shells",0
80,"shells",0.924411726
81,"shells",0.916
82,"shells",0
84,"shells",0
86,"shells",0
96,"shells",0
97,"shells",0
98,"shells",0.896466203
99,"shells",0
101,"shells",0.916
102,"shells",0.901215459
103,"shells",0
104,"shells",0
106,"shells",0.515514546
108,"shells",1
110,"shells",0.992476728
111,"shells",0.99929889
112,"shells",0.99960388
113,"shells",0
114,"shells",0.99863803
115,"shells",0
119,"shells",0
120,"shells",0
122,"shells",0
123,"shells",0.945469229
124,"shells",0.97995992
125,"shells",0
126,"shells",0.996295109
127,"shells",0
129,"shells",0.999960492
130,"shells",0
131,"shells",0
132,"shells",0
133,"shells",0
134,"shells",0
135,"shells",0.937681041
136,"shells",0.998751204
137,"shells",0
138,"shells",0
139,"shells",0
140,"shells",0
141,"shells",0
143,"shells",0
145,"shells",0
147,"shells",0.852982673
152,"shells",0.999169039
153,"shells",0.982057612
155,"shells",0.99975588
162,"shells",0
163,"shells",0
164,"shells",0.999890041
166,"shells",0
167,"shells",0.916
168,"shells",0
169,"shells",0
171,"shells",1
172,"shells",0.916
173,"shells",0
174,"shells",0.916
175,"shells",0
176,"shells",0.916
177,"shells",0.916
178,"shells",0.916
179,"shells",0.927205296
180,"shells",0.055974582
181,"shells",0.959552589
182,"shells",0.87994422
183,"shells",0.999157979
184,"shells",0.791301974
186,"shells",0
187,"shells",0.928428285
188,"shells",0.916
189,"shells",0.916
190,"shells",0
191,"shells",0.99934829
193,"shells",0
194,"shells",0.916
195,"shells",0
196,"shells",0.999960879
197,"shells",0
198,"shells",0
199,"shells",0
200,"shells",0
202,"shells",0.885346575
203,"shells",0.85292192
204,"shells",0.681814915
205,"shells",0.998703991
206,"shells",0.999966738
207,"shells",0.999927144
208,"shells",0.979909714
209,"shells",0
210,"shells",0
212,"shells",0.999809523
214,"shells",0.998611169
215,"shells",0
216,"shells",0
218,"shells",0
219,"shells",0
220,"shells",0.991820409
222,"shells",0.797481405
223,"shells",0
224,"shells",0.848436369
231,"shells",0.939729264
232,"shells",0.916
244,"shells",0.995678684
245,"shells",0.99582063
247,"shells",0.999763008
248,"shells",0.998582738
249,"shells",0.982382363
250,"shells",0.998029006
5,"seaweeds",0.999970301
6,"seaweeds",0.999401178
7,"seaweeds",0.99359971
8,"seaweeds",0.999551977
9,"seaweeds",0
11,"seaweeds",1
14,"seaweeds",0.81274623
15,"seaweeds",0.905456808
16,"seaweeds",0.954146711
17,"seaweeds",0.999246856
18,"seaweeds",1
19,"seaweeds",0
20,"seaweeds",0.817
21,"seaweeds",0.817
24,"seaweeds",0
25,"seaweeds",0.966983578
28,"seaweeds",0
29,"seaweeds",0
31,"seaweeds",0.99941001
37,"seaweeds",0.999407098
39,"seaweeds",0
40,"seaweeds",0.918941604
41,"seaweeds",0.999848144
42,"seaweeds",0.563959245
43,"seaweeds",0.998934748
44,"seaweeds",0
45,"seaweeds",0.999368368
46,"seaweeds",0.998413924
47,"seaweeds",0.999666554
48,"seaweeds",0
49,"seaweeds",0
50,"seaweeds",0.999871387
51,"seaweeds",0.817
52,"seaweeds",0
53,"seaweeds",0.817
54,"seaweeds",0
59,"seaweeds",0.817
61,"seaweeds",0.998016051
62,"seaweeds",0
64,"seaweeds",0.817
65,"seaweeds",0
66,"seaweeds",0.817
67,"seaweeds",0
69,"seaweeds",0.817
70,"seaweeds",0.817
71,"seaweeds",0.980914261
72,"seaweeds",0.817
73,"seaweeds",0.936833526
74,"seaweeds",0.817
75,"seaweeds",0.817
76,"seaweeds",0.965789682
77,"seaweeds",0.991122868
78,"seaweeds",0.904571047
79,"seaweeds",0
80,"seaweeds",0.998831486
81,"seaweeds",0.817
82,"seaweeds",0
84,"seaweeds",0.998707509
86,"seaweeds",0
96,"seaweeds",0.817
97,"seaweeds",0
98,"seaweeds",0
99,"seaweeds",0
101,"seaweeds",0.817
102,"seaweeds",0
103,"seaweeds",0
104,"seaweeds",0
106,"seaweeds",0.955955868
108,"seaweeds",0.998558269
110,"seaweeds",0
111,"seaweeds",0
112,"seaweeds",0.996239818
113,"seaweeds",0.994648858
114,"seaweeds",0.99933934
115,"seaweeds",0.997420094
119,"seaweeds",0.995247406
120,"seaweeds",0
122,"seaweeds",0.817
123,"seaweeds",0.895895796
124,"seaweeds",0.969864541
125,"seaweeds",0.997599276
126,"seaweeds",0.994538523
127,"seaweeds",0.990535949
129,"seaweeds",0.999939517
130,"seaweeds",0.99973541
131,"seaweeds",0
132,"seaweeds",0.999939955
133,"seaweeds",0.999952991
134,"seaweeds",0
135,"seaweeds",0.975644991
136,"seaweeds",0.998626324
137,"seaweeds",0.965169878
138,"seaweeds",0.817
139,"seaweeds",0.999883291
140,"seaweeds",0
141,"seaweeds",0
143,"seaweeds",0
145,"seaweeds",0
147,"seaweeds",0.999907453
152,"seaweeds",0
153,"seaweeds",0.998623623
155,"seaweeds",0.998198148
162,"seaweeds",0
163,"seaweeds",0.966488057
164,"seaweeds",0.999884864
166,"seaweeds",0.990295381
167,"seaweeds",0.817
168,"seaweeds",0
169,"seaweeds",0
171,"seaweeds",0.998493757
172,"seaweeds",0.817
173,"seaweeds",0.817
174,"seaweeds",0.817
175,"seaweeds",0.056822059
176,"seaweeds",0.817
177,"seaweeds",0.817
178,"seaweeds",0.817
179,"seaweeds",0.915412198
180,"seaweeds",0.834929435
181,"seaweeds",0
182,"seaweeds",0
183,"seaweeds",0.839250448
184,"seaweeds",0.874038828
186,"seaweeds",0
187,"seaweeds",0.940953335
188,"seaweeds",0.817
189,"seaweeds",0.817
190,"seaweeds",0
191,"seaweeds",0.992038375
193,"seaweeds",0
194,"seaweeds",0
195,"seaweeds",0
196,"seaweeds",0.999960879
197,"seaweeds",0
198,"seaweeds",0
199,"seaweeds",0.817
200,"seaweeds",0
202,"seaweeds",0
203,"seaweeds",0.846006245
204,"seaweeds",0.999190139
205,"seaweeds",0
206,"seaweeds",0.979602662
207,"seaweeds",0.960109568
208,"seaweeds",0
209,"seaweeds",0
210,"seaweeds",0.921985198
212,"seaweeds",0.988927398
214,"seaweeds",0.987714251
215,"seaweeds",0
216,"seaweeds",0.572530278
218,"seaweeds",0.561877252
219,"seaweeds",0.817
220,"seaweeds",0.991701865
222,"seaweeds",0.991126003
223,"seaweeds",0
224,"seaweeds",0
231,"seaweeds",0.817
232,"seaweeds",0.817
244,"seaweeds",0.995325923
245,"seaweeds",0.995595587
247,"seaweeds",0.99975917
248,"seaweeds",0.998161883
249,"seaweeds",0.978393468
250,"seaweeds",0.99783116
