"rgn_id","year","percent"
209,1989,2.466666659
209,1990,2.29999995233333
209,1991,2.36666663466667
209,1992,2.199999968
209,1993,2.19999996833333
209,1994,2.36666667433333
209,1995,3.23333334933333
209,1996,3.33333325366667
209,1997,2.79999995266667
209,1998,4.06666660333333
209,1999,5.19999996833333
209,2000,4.89999993633333
209,2001,5.06666660333333
209,2002,5.90000009533333
209,2003,6.10000006366667
209,2004,5.266666571
209,2005,4.66666650766667
209,2006,4.200000048
209,2007,3.66666666666667
209,2010,3.733333381
209,2011,3.36666666666667
13,1984,9.049999714
13,1985,8.849999905
13,2000,9.550000071
209,1980,4.3000000715
209,1981,3.649999976
209,1982,3.3999999765
209,1983,3.3500000235
209,1984,2.849999964
209,1985,2.5
209,1986,2.399999976
209,1987,1.850000024
209,1988,1.699999988
209,2008,3.2999999525
209,2009,4.3499999045
1,1980,6.099999905
1,1981,5.800000191
1,1982,7.199999809
1,1983,10
1,1984,9
1,1985,8.300000191
1,1986,6.100000143
1,1987,6.100000143
1,1988,6.399999857
1,1989,6.649999857
1,1990,7.350000143
1,1991,10.1000003805
1,1992,10.700000285
1,1993,10.3499999055
1,1994,9.049999714
1,1995,7.5
1,1996,7.4000000955
1,1997,7.6500000955
1,1998,7.699999809
1,1999,6.9500000475
1,2000,6.25
1,2001,6.100000143
1,2002,5.850000143
1,2003,5.350000143
1,2004,4.7000000475
1,2005,4.399999976
1,2006,4.350000143
1,2007,4.0500000715
1,2008,4.199999809
1,2009,5.849999905
1,2010,5.8499999045
1,2011,5.7999999525
2,1980,6.099999905
2,1981,5.800000191
2,1982,7.199999809
2,1983,10
2,1984,9
2,1985,8.300000191
2,1986,6.100000143
2,1987,6.100000143
2,1988,6.399999857
2,1989,6.649999857
2,1990,7.350000143
2,1991,10.1000003805
2,1992,10.700000285
2,1993,10.3499999055
2,1994,9.049999714
2,1995,7.5
2,1996,7.4000000955
2,1997,7.6500000955
2,1998,7.699999809
2,1999,6.9500000475
2,2000,6.25
2,2001,6.100000143
2,2002,5.850000143
2,2003,5.350000143
2,2004,4.7000000475
2,2005,4.399999976
2,2006,4.350000143
2,2007,4.0500000715
2,2008,4.199999809
2,2009,5.849999905
2,2010,5.8499999045
2,2011,5.7999999525
3,1980,6.099999905
3,1981,5.800000191
3,1982,7.199999809
3,1983,10
3,1984,9
3,1985,8.300000191
3,1986,6.100000143
3,1987,6.100000143
3,1988,6.399999857
3,1989,6.649999857
3,1990,7.350000143
3,1991,10.1000003805
3,1992,10.700000285
3,1993,10.3499999055
3,1994,9.049999714
3,1995,7.5
3,1996,7.4000000955
3,1997,7.6500000955
3,1998,7.699999809
3,1999,6.9500000475
3,2000,6.25
3,2001,6.100000143
3,2002,5.850000143
3,2003,5.350000143
3,2004,4.7000000475
3,2005,4.399999976
3,2006,4.350000143
3,2007,4.0500000715
3,2008,4.199999809
3,2009,5.849999905
3,2010,5.8499999045
3,2011,5.7999999525
4,1980,6.099999905
4,1981,5.800000191
4,1982,7.199999809
4,1983,10
4,1984,9
4,1985,8.300000191
4,1986,6.100000143
4,1987,6.100000143
4,1988,6.399999857
4,1989,6.649999857
4,1990,7.350000143
4,1991,10.1000003805
4,1992,10.700000285
4,1993,10.3499999055
4,1994,9.049999714
4,1995,7.5
4,1996,7.4000000955
4,1997,7.6500000955
4,1998,7.699999809
4,1999,6.9500000475
4,2000,6.25
4,2001,6.100000143
4,2002,5.850000143
4,2003,5.350000143
4,2004,4.7000000475
4,2005,4.399999976
4,2006,4.350000143
4,2007,4.0500000715
4,2008,4.199999809
4,2009,5.849999905
4,2010,5.8499999045
4,2011,5.7999999525
5,1996,18.60000038
6,2009,4.599999905
7,1999,31.89999962
8,2005,4.199999809
9,1980,9.799999714
9,1981,8.699999809
9,1982,9.600000381
9,1983,9.300000191
9,1984,9.049999714
9,1985,8.849999905
9,1986,6.300000191
9,1987,4.400000095
9,1988,8.4000000955
9,1989,2.799999952
9,1990,2.799999952
9,1991,3.5
9,1992,3.900000095
9,1993,5.5
9,1994,7.933333079
9,1995,6.80000003166667
9,1996,10.5000001904
9,1997,9.699999809
9,1998,7.699999809
9,1999,22.44999981
9,2000,9.550000071
9,2001,13
9,2002,11.39999962
9,2003,4.599999905
9,2004,4.7000000475
9,2005,5.3499999045
9,2006,6.93451322819692
9,2007,6.45309730511053
9,2008,4.94861101858396
9,2009,0.9961108959169
9,2010,1.29469002157771
9,2011,-5.76285701528604
10,1980,9.799999714
10,1981,8.699999809
10,1982,9.600000381
10,1983,9.300000191
10,1984,9.049999714
10,1985,8.849999905
10,1986,6.300000191
10,1987,4.400000095
10,1988,8.4000000955
10,1989,2.799999952
10,1990,2.799999952
10,1991,3.5
10,1992,3.900000095
10,1993,5.5
10,1994,7.933333079
10,1995,6.80000003166667
10,1996,10.5000001904
10,1997,9.699999809
10,1998,7.699999809
10,1999,22.44999981
10,2000,9.550000071
10,2001,13
10,2002,11.39999962
10,2003,4.599999905
10,2004,4.7000000475
10,2005,5.3499999045
10,2006,6.93451322819692
10,2007,6.45309730511053
10,2008,4.94861101858396
10,2009,0.9961108959169
10,2010,1.29469002157771
10,2011,-5.76285701528604
11,1980,9.699999809
11,1988,12.5
11,1999,30.89999962
12,1980,9.799999714
12,1981,8.699999809
12,1982,9.600000381
12,1983,9.300000191
12,1984,9.049999714
12,1985,8.849999905
12,1986,6.300000191
12,1987,4.400000095
12,1988,8.4000000955
12,1989,2.799999952
12,1990,2.799999952
12,1991,3.5
12,1992,3.900000095
12,1993,5.5
12,1994,7.933333079
12,1995,6.80000003166667
12,1996,10.5000001904
12,1997,9.699999809
12,1998,7.699999809
12,1999,22.44999981
12,2000,9.550000071
12,2001,13
12,2002,11.39999962
12,2003,4.599999905
12,2004,4.7000000475
12,2005,5.3499999045
12,2006,6.93451322819692
12,2007,6.45309730511053
12,2008,4.94861101858396
12,2009,0.9961108959169
12,2010,1.29469002157771
12,2011,-5.76285701528604
13,1980,9.899999619
13,1981,8.699999809
13,1982,9.600000381
13,1983,9.300000191
13,1986,6.300000191
13,1987,4.400000095
13,1988,4.300000191
13,1989,2.799999952
13,1990,2.799999952
13,1991,3.5
13,1992,3.900000095
13,1993,5.5
13,1997,9.699999809
13,1998,7.699999809
13,1999,14
13,2001,13
13,2002,11.39999962
13,2003,4.599999905
13,2005,6.5
13,2006,6.93451322819692
13,2007,6.45309730511053
13,2008,4.94861101858396
13,2009,0.9961108959169
13,2010,1.29469002157771
13,2011,-5.76285701528604
14,1980,3.949999988
14,1981,3.524999976
14,1982,3.375
14,1983,3.375
14,1984,3.049999982
14,1985,2.89999997625
14,1986,2.849999964
14,1987,2.425000012
14,1988,2.099999994
14,1989,2.439999986
14,1990,2.2999999524
14,1991,2.3199999808
14,1992,2.2599999904
14,1993,2.4
14,1994,2.5000000236
14,1995,3.0000000002
14,1996,3.0799999712
14,1997,2.8799999716
14,1998,4.659999943
14,1999,5.319999981
14,2000,4.780000019
14,2001,4.839999962
14,2002,5.2800000666
14,2003,5.419999981
14,2004,4.839999914
14,2005,4.4199999332
14,2006,4.0200000288
14,2007,3.6200000286
14,2008,3.44999998825
14,2009,4.3249999285
14,2010,3.9800000382
14,2011,3.600000019
15,1980,4.800000191
15,1981,5.400000095
15,1982,5.5
15,1983,4.900000095
15,1984,7
15,1985,6.099999905
15,1986,6.400000095
15,1987,9.100000381
15,1988,8.300000191
15,1989,8.399999619
15,1990,8.100000381
15,1991,9
15,1992,8.600000381
15,1993,8.899999619
15,1994,8.399999619
15,1995,8.399999619
15,1996,7.400000095
15,1997,7.900000095
15,1998,9.399999619
15,1999,9.399999619
15,2000,11.19999981
15,2001,11
15,2002,11.5
15,2003,11.19999981
15,2004,11.89999962
15,2005,7.699999809
15,2006,8
15,2007,7.400000095
15,2008,7.300000191
15,2009,7.5
15,2010,7.300000191
15,2011,7
16,1980,6.099999905
16,1981,5.800000191
16,1982,7.199999809
16,1983,10
16,1984,9
16,1985,8.300000191
16,1986,8.100000381
16,1987,8.100000381
16,1988,7.199999809
16,1989,6.199999809
16,1990,6.900000095
16,1991,9.600000381
16,1992,10.80000019
16,1993,10.89999962
16,1994,9.699999809
16,1995,8.5
16,1996,8.5
16,1997,8.5
16,1998,7.699999809
16,1999,6.900000095
16,2000,6.300000191
16,2001,6.800000191
16,2002,6.400000095
16,2003,5.900000095
16,2004,5.400000095
16,2005,5
16,2006,4.800000191
16,2007,4.400000095
16,2008,4.199999809
16,2009,5.599999905
16,2010,5.199999809
16,2011,5.099999905
17,1990,7.699999809
17,2010,4
18,1982,6.400000095
18,1983,7.5
18,1984,7.5
18,1985,8.100000381
18,1986,7.5
18,1987,9.300000191
18,1988,9.399999619
18,1989,6.099999905
18,1990,6.400000095
18,1991,5.900000095
18,1992,5.400000095
18,1993,5.900000095
18,1994,5.699999809
18,1995,5.400000095
18,1996,5.800000191
18,2005,4.599999905
18,2006,6.78640793356311
18,2007,8.600000381
18,2008,10.6000006189997
18,2009,12.6000008569995
18,2010,14.6000010949992
18,2011,16.600001332999
19,2002,6.5
19,2005,6.5
19,2006,6.5
19,2007,6.5
19,2008,6.5
19,2009,6.5
19,2010,6.5
19,2011,6.5
20,1980,5.199999809
20,1981,4.5
20,1982,4.400000095
20,1983,4.099999905
20,1984,3.799999952
20,1985,4
20,1986,3.799999952
20,1987,3.099999905
20,1988,2.5
20,1989,2.599999905
20,1990,2.5
20,1991,2.400000095
20,1992,2.5
20,1993,2.900000095
20,1994,2.5
20,1995,2.099999905
20,1996,2
20,1997,2.599999905
20,1998,7
20,1999,6.300000191
20,2000,4.400000095
20,2001,4
20,2002,3.299999952
20,2003,3.599999905
20,2004,3.700000048
20,2005,3.700000048
20,2006,3.400000095
20,2007,3.200000048
20,2008,3.200000048
20,2009,3.599999905
20,2010,3.700000048
20,2011,3.400000095
21,1980,3.949999988
21,1981,3.524999976
21,1982,3.375
21,1983,3.375
21,1984,3.049999982
21,1985,2.89999997625
21,1986,2.849999964
21,1987,2.425000012
21,1988,2.099999994
21,1989,2.439999986
21,1990,2.2999999524
21,1991,2.3199999808
21,1992,2.2599999904
21,1993,2.4
21,1994,2.5000000236
21,1995,3.0000000002
21,1996,3.0799999712
21,1997,2.8799999716
21,1998,4.659999943
21,1999,5.319999981
21,2000,4.780000019
21,2001,4.839999962
21,2002,5.2800000666
21,2003,5.419999981
21,2004,4.839999914
21,2005,4.4199999332
21,2006,4.0200000288
21,2007,3.6200000286
21,2008,3.44999998825
21,2009,4.3249999285
21,2010,3.9800000382
21,2011,3.600000019
24,1998,3
24,2000,2.5
24,2001,1.700000048
24,2006,1.23159610624106
24,2007,1.03583063377852
24,2008,1.700000048
24,2009,0.100000001
24,2010,0.400000006
24,2011,0.200000003
25,1980,0.899999976
25,1981,1.299999952
25,1982,2.5
25,1983,2.900000095
25,1984,4.800000191
25,1985,3.700000048
25,1986,3.5
25,1987,5.800000191
25,1988,3
25,1989,1.399999976
25,1990,2.200000048
25,1991,2.700000048
25,1992,1.399999976
25,1993,1.5
25,1994,1.299999952
25,1996,1.100000024
25,1997,0.899999976
25,1998,3.400000095
25,1999,3
25,2000,2.400000095
25,2001,2.599999905
25,2002,1.799999952
25,2003,1.5
25,2004,1.5
25,2005,1.299999952
25,2006,1.200000048
25,2007,1.200000048
25,2008,1.200000048
25,2009,1.5
25,2010,1
25,2011,0.699999988
26,1980,2.90000005566667
26,1981,3.20000004733333
26,1982,3.4
26,1983,3.7000000475
26,1984,4.87500005975
26,1985,4.4000000002
26,1986,5.3600000858
26,1987,6.80000019075
26,1988,4.9799999714
26,1989,4.1399998902
26,1990,5.20000010725
26,1991,5.466666619
26,1992,3.740000081
26,1993,4.14999985725
26,1994,3.96666653966667
26,1995,4.566666524
26,1996,3.25000003966667
26,1997,3.46666667833333
26,1998,4.32857138771429
26,1999,4.69999996816667
26,2000,4.45714283
26,2001,4.77142861914286
26,2002,5.46666673816667
26,2003,5.54999991266667
26,2004,5.54999987316667
26,2005,5.5599998952
26,2006,4.26696324500573
26,2007,3.87452735704835
26,2008,3.92857142871429
26,2009,3.87923733786259
26,2010,3.50171311851864
26,2011,3.25428572024762
28,1991,20
29,1980,2.8999999165
29,1981,13.10000038
29,1982,3.1499999165
29,1983,10.433333555
29,1984,3.150000006
29,1985,20.60000038
29,1986,2.050000049
29,1987,14.69999981
29,1988,19.84999943
29,1989,14.04999983375
29,1990,16.79999995275
29,1991,22.366666635
29,1992,3.299999952
29,1993,3.900000095
29,1994,7.44999981
29,1995,16.619999791
29,1996,5.800000191
29,1997,4.3999999765
29,1998,6.900000095
29,1999,8.75
29,2000,7.300000191
29,2001,5.733333429
29,2002,25.5
29,2003,6.3499999045
29,2004,8.5
29,2005,5.90000009533333
29,2006,4.97768370174584
29,2007,4.28062144222808
29,2008,3.40855923021032
29,2009,2.88649716144257
29,2010,2.4394349016748
29,2011,1.79999991250006
30,1980,2.8999999165
30,1981,13.10000038
30,1982,3.1499999165
30,1983,10.433333555
30,1984,3.150000006
30,1985,20.60000038
30,1986,2.050000049
30,1987,14.69999981
30,1988,19.84999943
30,1989,14.04999983375
30,1990,16.79999995275
30,1991,22.366666635
30,1992,3.299999952
30,1993,3.900000095
30,1994,7.44999981
30,1995,16.619999791
30,1996,5.800000191
30,1997,4.3999999765
30,1998,6.900000095
30,1999,8.75
30,2000,7.300000191
30,2001,5.733333429
30,2002,25.5
30,2003,6.3499999045
30,2004,8.5
30,2005,5.90000009533333
30,2006,4.97768370174584
30,2007,4.28062144222808
30,2008,3.40855923021032
30,2009,2.88649716144257
30,2010,2.4394349016748
30,2011,1.79999991250006
31,1981,13.10000038
31,1985,20.60000038
31,1994,10.39999962
31,2002,9.800000191
31,2005,5.5
31,2006,4.06666660300016
31,2007,2.63333320600032
31,2008,1.19999980900047
31,2009,-0.233333587999368
31,2010,-1.66666698499921
31,2011,-3.10000038199905
32,1980,2.8999999165
32,1981,13.10000038
32,1982,3.1499999165
32,1983,10.433333555
32,1984,3.150000006
32,1985,20.60000038
32,1986,2.050000049
32,1987,14.69999981
32,1988,19.84999943
32,1989,14.04999983375
32,1990,16.79999995275
32,1991,22.366666635
32,1992,3.299999952
32,1993,3.900000095
32,1994,7.44999981
32,1995,16.619999791
32,1996,5.800000191
32,1997,4.3999999765
32,1998,6.900000095
32,1999,8.75
32,2000,7.300000191
32,2001,5.733333429
32,2002,25.5
32,2003,6.3499999045
32,2004,8.5
32,2005,5.90000009533333
32,2006,4.97768370174584
32,2007,4.28062144222808
32,2008,3.40855923021032
32,2009,2.88649716144257
32,2010,2.4394349016748
32,2011,1.79999991250006
33,1980,2.8999999165
33,1981,13.10000038
33,1982,3.1499999165
33,1983,10.433333555
33,1984,3.150000006
33,1985,20.60000038
33,1986,2.050000049
33,1987,14.69999981
33,1988,19.84999943
33,1989,14.04999983375
33,1990,16.79999995275
33,1991,22.366666635
33,1992,3.299999952
33,1993,3.900000095
33,1994,7.44999981
33,1995,16.619999791
33,1996,5.800000191
33,1997,4.3999999765
33,1998,6.900000095
33,1999,8.75
33,2000,7.300000191
33,2001,5.733333429
33,2002,25.5
33,2003,6.3499999045
33,2004,8.5
33,2005,5.90000009533333
33,2006,4.97768370174584
33,2007,4.28062144222808
33,2008,3.40855923021032
33,2009,2.88649716144257
33,2010,2.4394349016748
33,2011,1.79999991250006
34,1980,2.8999999165
34,1981,13.10000038
34,1982,3.1499999165
34,1983,10.433333555
34,1984,3.150000006
34,1985,20.60000038
34,1986,2.050000049
34,1987,14.69999981
34,1988,19.84999943
34,1989,14.04999983375
34,1990,16.79999995275
34,1991,22.366666635
34,1992,3.299999952
34,1993,3.900000095
34,1994,7.44999981
34,1995,16.619999791
34,1996,5.800000191
34,1997,4.3999999765
34,1998,6.900000095
34,1999,8.75
34,2000,7.300000191
34,2001,5.733333429
34,2002,25.5
34,2003,6.3499999045
34,2004,8.5
34,2005,5.90000009533333
34,2006,4.97768370174584
34,2007,4.28062144222808
34,2008,3.40855923021032
34,2009,2.88649716144257
34,2010,2.4394349016748
34,2011,1.79999991250006
35,1980,2.8999999165
35,1981,13.10000038
35,1982,3.1499999165
35,1983,10.433333555
35,1984,3.150000006
35,1985,20.60000038
35,1986,2.050000049
35,1987,14.69999981
35,1988,19.84999943
35,1989,14.04999983375
35,1990,16.79999995275
35,1991,22.366666635
35,1992,3.299999952
35,1993,3.900000095
35,1994,7.44999981
35,1995,16.619999791
35,1996,5.800000191
35,1997,4.3999999765
35,1998,6.900000095
35,1999,8.75
35,2000,7.300000191
35,2001,5.733333429
35,2002,25.5
35,2003,6.3499999045
35,2004,8.5
35,2005,5.90000009533333
35,2006,4.97768370174584
35,2007,4.28062144222808
35,2008,3.40855923021032
35,2009,2.88649716144257
35,2010,2.4394349016748
35,2011,1.79999991250006
36,1980,2.8999999165
36,1981,13.10000038
36,1982,3.1499999165
36,1983,10.433333555
36,1984,3.150000006
36,1985,20.60000038
36,1986,2.050000049
36,1987,14.69999981
36,1988,19.84999943
36,1989,14.04999983375
36,1990,16.79999995275
36,1991,22.366666635
36,1992,3.299999952
36,1993,3.900000095
36,1994,7.44999981
36,1995,16.619999791
36,1996,5.800000191
36,1997,4.3999999765
36,1998,6.900000095
36,1999,8.75
36,2000,7.300000191
36,2001,5.733333429
36,2002,25.5
36,2003,6.3499999045
36,2004,8.5
36,2005,5.90000009533333
36,2006,4.97768370174584
36,2007,4.28062144222808
36,2008,3.40855923021032
36,2009,2.88649716144257
36,2010,2.4394349016748
36,2011,1.79999991250006
37,1992,3.299999952
37,1993,3.900000095
37,1994,4.5
37,1996,5.800000191
37,1997,6.599999905
37,1998,6.900000095
37,1999,7.699999809
37,2000,8.800000191
37,2001,6.800000191
37,2002,7.199999809
37,2003,7.699999809
37,2004,8.5
37,2005,9.600000381
37,2006,9.100000381
37,2007,8.5
37,2008,7.199999809
37,2009,7.300000191
37,2010,7.699999809
37,2011,7.900000095
38,1980,3.700000048
38,1981,3.5
38,1982,3.5
38,1983,3.900000095
38,1984,2.799999952
38,1985,6.500000079
38,1986,6.26666657166667
38,1987,3.099999905
38,1988,2.700000048
38,1989,0.899999976
38,1990,8.1499998575
38,1991,8.40000006525
38,1992,9.6999998095
38,1993,9.0000000005
38,1994,7.00000007966667
38,1995,5.0499999675
38,1996,6.250000119
38,1997,6.333333492
38,1998,6.133333365
38,1999,8.899999619
38,2000,4.8999999522
38,2001,7.900000095
38,2002,9.80000019066667
38,2003,6.25
38,2004,8.699999968
38,2005,7.12500011875
38,2006,7.75582399819834
38,2007,7.7965477224894
38,2008,7.99798935767751
38,2009,8.36587714528071
38,2010,8.43327480691086
38,2011,5.1790913191806
39,1995,0.800000012
39,2000,2
39,2006,14.39999962
39,2007,16.466666223333
39,2008,18.533332826667
39,2009,20.59999943
39,2010,22.6666660333331
40,1985,14.10000038
40,1990,13.69999981
40,1991,14.69999981
40,1992,14.19999981
40,1993,13.69999981
40,1994,13
40,1995,12.19999981
40,1996,11.30000019
40,1997,10.60000038
40,1998,9.100000381
40,1999,8.899999619
40,2000,7.699999809
40,2001,7.900000095
40,2002,8.800000191
40,2003,8.199999809
40,2004,8.399999619
40,2005,7.699999809
40,2006,6.5
40,2007,6
40,2008,5.199999809
40,2009,5.900000095
40,2010,4.900000095
40,2011,4.59333330760012
41,1997,2.200000048
42,2000,5.800000191
42,2001,5.300000191
42,2003,5
42,2005,2.599999905
42,2006,2.44406763198322
42,2007,1.849152314712
42,2008,1.25423699744078
42,2009,0.659321680169569
42,2010,0.0644063628983531
42,2011,-1.10000054000079
43,1999,9.800000191
44,1980,2.8999999165
44,1981,13.10000038
44,1982,3.1499999165
44,1983,10.433333555
44,1984,3.150000006
44,1985,20.60000038
44,1986,2.050000049
44,1987,14.69999981
44,1988,19.84999943
44,1989,14.04999983375
44,1990,16.79999995275
44,1991,22.366666635
44,1992,3.299999952
44,1993,3.900000095
44,1994,7.44999981
44,1995,16.619999791
44,1996,5.800000191
44,1997,4.3999999765
44,1998,6.900000095
44,1999,8.75
44,2000,7.300000191
44,2001,5.733333429
44,2002,25.5
44,2003,6.3499999045
44,2004,8.5
44,2005,5.90000009533333
44,2006,4.97768370174584
44,2007,4.28062144222808
44,2008,3.40855923021032
44,2009,2.88649716144257
44,2010,2.4394349016748
44,2011,1.79999991250006
45,1980,2.8999999165
45,1981,13.10000038
45,1982,3.1499999165
45,1983,10.433333555
45,1984,3.150000006
45,1985,20.60000038
45,1986,2.050000049
45,1987,14.69999981
45,1988,19.84999943
45,1989,14.04999983375
45,1990,16.79999995275
45,1991,22.366666635
45,1992,3.299999952
45,1993,3.900000095
45,1994,7.44999981
45,1995,16.619999791
45,1996,5.800000191
45,1997,4.3999999765
45,1998,6.900000095
45,1999,8.75
45,2000,7.300000191
45,2001,5.733333429
45,2002,25.5
45,2003,6.3499999045
45,2004,8.5
45,2005,5.90000009533333
45,2006,4.97768370174584
45,2007,4.28062144222808
45,2008,3.40855923021032
45,2009,2.88649716144257
45,2010,2.4394349016748
45,2011,1.79999991250006
46,1991,43.5
46,2002,59.5
47,1994,8.300000191
47,1999,11.5
47,2004,16.20000076
47,2005,16.10000038
47,2006,15.69999981
47,2007,15.39999962
47,2008,15
47,2009,14.60000038
47,2010,14.3399998353334
47,2011,14.0085711716191
48,1980,4.800000191
48,1981,5.099999905
48,1982,5
48,1983,4.0999999345
48,1984,5.299999952
48,1985,8.9499998095
48,1986,10.2000000475
48,1987,10.4500000475
48,1988,5.56666656333333
48,1989,7.76666673033333
48,1990,8.8000001905
48,1991,7.97500014275
48,1992,7.26666657166667
48,1993,9.3800001734
48,1994,6.5800001502
48,1995,6.46666668816667
48,1996,6.924999878
48,1997,6.8833333155
48,1998,7.12499992575
48,1999,7.524999938875
48,2000,5.13750002525
48,2001,7.5100000202
48,2002,8.850000068125
48,2003,11.487499982125
48,2004,10.3272727403636
48,2005,9.73750013075
48,2006,8.89016580838736
48,2007,8.39247165406281
48,2008,8.5302929203886
48,2009,8.62476190189114
48,2010,8.28780923252323
48,2011,7.98828534918156
49,1980,5.199999809
49,1981,5.400000095
49,1982,5.699999809
49,1983,6.599999905
49,1984,6
49,1985,20.60000038
49,1986,2.050000049
49,1987,14.69999981
49,1988,13.89999962
49,1989,14.04999983375
49,1990,14.7333332703333
49,1991,15.8333333336667
49,1992,16
49,1993,16.6666666666667
49,1994,17.69999981
49,1995,20.69999981
49,1996,13.55000019
49,1997,16.64999961975
49,1998,13.6500000945
49,1999,12.666666667
49,2000,17.0249998575
49,2001,16.07499980975
49,2002,15.75
49,2003,15.125
49,2004,13.875
49,2005,12.599999905
49,2006,11.27500009475
49,2007,11.1999998095
49,2008,10.5
49,2009,10.5
49,2010,10.27500009525
49,2011,8.80499987609996
50,1999,4.300000191
50,2000,4.599999905
50,2001,4.599999905
50,2002,5.199999809
50,2006,6.300000191
50,2007,5.599999905
50,2008,5
50,2009,5.400000095
50,2010,5.7476619601313
50,2011,5.76635526637691
51,1983,1.100000024
51,1988,1.899999976
51,1993,0.800000012
51,1994,0.699999988
51,1995,0.699999988
51,1996,0.699999988
51,1997,0.699999988
51,1998,0.699999988
51,1999,0.699999988
51,2000,0.800000012
51,2001,0.800000012
51,2002,1.100000024
51,2003,1.299999952
51,2004,1.700000048
51,2005,2
51,2006,1.81333334853326
51,2007,2.05888890702226
51,2008,2.36785716257145
51,2009,2.75000001714278
51,2010,3.19047619333367
51,2011,3.78000000720033
52,1991,6.300000191
52,2001,5.5
52,2004,9
52,2006,11.3333333333335
52,2007,12.5
52,2008,13.6666666666665
52,2009,14.833333333333
52,2010,15.9999999999995
52,2011,17.1666666666661
53,1980,3.700000048
53,1981,3.5
53,1982,3.5
53,1983,3.900000095
53,1984,3.799999952
53,1985,3.599999905
53,1986,3.599999905
53,1987,3.099999905
53,1988,2.700000048
53,1990,2.599999905
53,1991,5.900000095
53,1992,5.199999809
53,1993,4.300000191
53,1994,4.300000191
53,1995,5
53,1997,5.800000191
53,1998,5.699999809
53,2000,7.199999809
53,2002,7.800000191
53,2004,7.400000095
53,2006,6.099999905
53,2007,5.099999905
53,2008,5
53,2009,4.89859647108426
53,2010,4.55754383854742
53,2011,3.36896529713749
54,1995,1.799999952
54,2000,2.299999952
54,2005,3.099999905
54,2006,3.47857138828562
54,2007,3.68571424985709
54,2008,4
54,2009,4.09999997299997
54,2010,4.30714283457144
54,2011,4.900000095
55,1980,8.43333339633333
55,1981,8.2999998335
55,1982,9.1500000955
55,1983,10.22500002425
55,1984,11.37499999975
55,1985,11.70000004775
55,1986,11.800000309
55,1987,11.2999998335
55,1988,10.849999905
55,1989,10.14999997625
55,1990,9.375
55,1991,10.571428775
55,1992,9.82500016675
55,1993,11.1599998478
55,1994,11.7999999046
55,1995,11.5800001138
55,1996,11.2999999525
55,1997,10.9333333966667
55,1998,10.80000019
55,1999,10.7000000476667
55,2000,9.857142993
55,2001,11.287500083125
55,2002,9.17142861214286
55,2003,9.18571417685714
55,2004,9.05714287085714
55,2005,11.374999940625
55,2006,12.8031934393743
55,2007,11.4200001239
55,2008,10.5799998287
55,2009,12.3700001712
55,2010,13.5670969446871
55,2011,14.5523226851904
56,1990,23
57,1980,8.43333339633333
57,1981,8.2999998335
57,1982,9.1500000955
57,1983,10.22500002425
57,1984,11.37499999975
57,1985,11.70000004775
57,1986,11.800000309
57,1987,11.2999998335
57,1988,10.849999905
57,1989,10.14999997625
57,1990,9.375
57,1991,10.571428775
57,1992,9.82500016675
57,1993,11.1599998478
57,1994,11.7999999046
57,1995,11.5800001138
57,1996,11.2999999525
57,1997,10.9333333966667
57,1998,10.80000019
57,1999,10.7000000476667
57,2000,9.857142993
57,2001,11.287500083125
57,2002,9.17142861214286
57,2003,9.18571417685714
57,2004,9.05714287085714
57,2005,11.374999940625
57,2006,12.8031934393743
57,2007,11.4200001239
57,2008,10.5799998287
57,2009,12.3700001712
57,2010,13.5670969446871
57,2011,14.5523226851904
58,1980,8.43333339633333
58,1981,8.2999998335
58,1982,9.1500000955
58,1983,10.22500002425
58,1984,11.37499999975
58,1985,11.70000004775
58,1986,11.800000309
58,1987,11.2999998335
58,1988,10.849999905
58,1989,10.14999997625
58,1990,9.375
58,1991,10.571428775
58,1992,9.82500016675
58,1993,11.1599998478
58,1994,11.7999999046
58,1995,11.5800001138
58,1996,11.2999999525
58,1997,10.9333333966667
58,1998,10.80000019
58,1999,10.7000000476667
58,2000,9.857142993
58,2001,11.287500083125
58,2002,9.17142861214286
58,2003,9.18571417685714
58,2004,9.05714287085714
58,2005,11.374999940625
58,2006,12.8031934393743
58,2007,11.4200001239
58,2008,10.5799998287
58,2009,12.3700001712
58,2010,13.5670969446871
58,2011,14.5523226851904
59,1983,11.69999981
59,1984,11.89999962
59,1985,11.30000019
59,1986,11.30000019
59,1987,11.30000019
59,1988,10.10000038
59,1989,8.300000191
59,1990,7.199999809
59,1991,7
59,1992,6.699999809
59,1993,8.100000381
59,1994,9.600000381
59,1995,9.300000191
59,1996,9.5
59,1997,9
59,1998,9.300000191
59,1999,8.600000381
59,2000,6.599999905
59,2001,6.199999809
59,2002,7.5
59,2003,8.199999809
59,2004,8.399999619
59,2005,8.399999619
59,2006,8.199999809
59,2007,7.5
59,2008,7
59,2009,7.900000095
59,2010,8.300000191
59,2011,7.099999905
60,1980,8.43333339633333
60,1981,8.2999998335
60,1982,9.1500000955
60,1983,10.22500002425
60,1984,11.37499999975
60,1985,11.70000004775
60,1986,11.800000309
60,1987,11.2999998335
60,1988,10.849999905
60,1989,10.14999997625
60,1990,9.375
60,1991,10.571428775
60,1992,9.82500016675
60,1993,11.1599998478
60,1994,11.7999999046
60,1995,11.5800001138
60,1996,11.2999999525
60,1997,10.9333333966667
60,1998,10.80000019
60,1999,10.7000000476667
60,2000,9.857142993
60,2001,11.287500083125
60,2002,9.17142861214286
60,2003,9.18571417685714
60,2004,9.05714287085714
60,2005,11.374999940625
60,2006,12.8031934393743
60,2007,11.4200001239
60,2008,10.5799998287
60,2009,12.3700001712
60,2010,13.5670969446871
60,2011,14.5523226851904
61,1989,16.10000038
61,1997,15.89999962
61,1999,16
61,2000,15.69999981
61,2001,15.10000038
61,2002,15.30000019
61,2003,14.5
61,2004,13.89999962
61,2005,12.89999962
61,2006,12.5
61,2007,12.39999962
61,2008,12.39999962
61,2009,13.30000019
61,2010,13
61,2011,11.9199997593335
62,1987,14.69999981
62,1988,13.89999962
62,1989,16.29999924
62,1990,15.80000019
62,1991,17.29999924
62,1992,16
62,1993,15.89999962
62,1995,22.89999962
62,1996,18.10000038
62,1997,16.89999962
62,1998,19.10000038
62,1999,13.89999962
62,2000,13.60000038
62,2001,12.5
62,2002,11.60000038
62,2003,11.89999962
62,2004,10.80000019
62,2005,11
62,2006,9.699999809
62,2007,9.699999809
62,2008,9.600000381
62,2009,9.100000381
62,2010,9.100000381
62,2011,8.899999619
63,1980,5.199999809
63,1981,5.400000095
63,1982,5.699999809
63,1983,6.599999905
63,1984,6
63,1985,20.60000038
63,1986,2.050000049
63,1987,14.69999981
63,1988,13.89999962
63,1989,14.04999983375
63,1990,14.7333332703333
63,1991,15.8333333336667
63,1992,16
63,1993,16.6666666666667
63,1994,17.69999981
63,1995,20.69999981
63,1996,13.55000019
63,1997,16.64999961975
63,1998,13.6500000945
63,1999,12.666666667
63,2000,17.0249998575
63,2001,16.07499980975
63,2002,15.75
63,2003,15.125
63,2004,13.875
63,2005,12.599999905
63,2006,11.27500009475
63,2007,11.1999998095
63,2008,10.5
63,2009,10.5
63,2010,10.27500009525
63,2011,8.80499987609996
64,1988,25.79999924
64,2000,20.60000038
64,2004,32.5
64,2006,30.750000475
64,2007,32.0750005225
64,2008,31.20000076
64,2009,34.7250006175
64,2010,36.050000665
64,2011,30.2250013300001
65,1980,2.8999999165
65,1981,6.40000015433333
65,1982,3.1499999165
65,1983,10.433333555
65,1984,3.150000006
65,1985,20.60000038
65,1986,2.050000049
65,1987,14.69999981
65,1988,25.79999924
65,1989,14.04999983375
65,1990,23
65,1991,19.0857142722857
65,1992,4.29999987266667
65,1993,14.339999867
65,1994,3.099999905
65,1995,4.099999905
65,1996,12.4000001904
65,1997,14.7249997565
65,1998,4.099999905
65,1999,10.10000038
65,2000,15.5
65,2001,12.7111110162222
65,2002,0.699999988
65,2003,14.3285714555714
65,2004,17.9500000475
65,2005,10.6999999156667
65,2006,12.6458333926665
65,2007,13.4583334161822
65,2008,12.6222223909211
65,2009,13.2527779056601
65,2010,12.9388891582222
65,2011,16.6458340461666
66,2006,10
67,1980,5.199999809
67,1981,5.400000095
67,1982,5.699999809
67,1983,6.599999905
67,1984,6
67,1985,20.60000038
67,1986,2.050000049
67,1987,14.69999981
67,1988,13.89999962
67,1989,14.04999983375
67,1990,14.7333332703333
67,1991,15.8333333336667
67,1992,16
67,1993,16.6666666666667
67,1994,17.69999981
67,1995,20.69999981
67,1996,13.55000019
67,1997,16.64999961975
67,1998,13.6500000945
67,1999,12.666666667
67,2000,17.0249998575
67,2001,16.07499980975
67,2002,15.75
67,2003,15.125
67,2004,13.875
67,2005,12.599999905
67,2006,11.27500009475
67,2007,11.1999998095
67,2008,10.5
67,2009,10.5
67,2010,10.27500009525
67,2011,8.80499987609996
68,2000,6.300000191
68,2001,7.099999905
68,2002,6.900000095
68,2003,7.5
68,2004,7.300000191
68,2005,7.300000191
68,2006,6.900000095
68,2007,6.5
68,2008,6
68,2009,6.900000095
68,2010,6.900000095
68,2011,6.400000095
69,1996,20.20000076
69,1997,14.69999981
69,1998,14.5
69,1999,13.80000019
69,2000,14.19999981
69,2001,13.10000038
69,2002,13.19999981
69,2003,10.60000038
69,2004,9.899999619
69,2005,8.899999619
69,2006,6.800000191
69,2007,6
69,2008,7.400000095
69,2009,17.10000038
69,2010,18.70000076
69,2011,15.39999962
70,1989,0.600000024
70,1990,0.600000024
70,1991,1.5
70,1992,3.700000048
70,1993,6.599999905
70,1994,7.599999905
70,1995,9.699999809
70,1996,9.899999619
70,1997,10.39999962
70,1998,9.5
70,1999,11.60000038
70,2000,13.10000038
70,2001,12.39999962
70,2002,9.399999619
70,2003,10.69999981
70,2004,10
70,2005,7.900000095
70,2006,5.900000095
70,2007,4.699999809
70,2008,5.5
70,2009,13.80000019
70,2010,16.89999962
70,2011,12.5
71,1993,21.39999962
71,1994,20
71,1995,15.69999981
71,1996,13.5
71,1997,13.69999981
71,1998,12.19999981
71,1999,14.10000038
71,2000,16.20000076
71,2001,19.89999962
71,2002,18.10000038
71,2003,13.69999981
71,2004,12
71,2005,10.10000038
71,2006,8.899999619
71,2007,6.900000095
71,2008,5.599999905
71,2009,6.800000191
71,2010,10.19999981
71,2011,11.19999981
72,1994,8.199999809
72,1995,8
72,1996,6.699999809
72,1997,5.5
72,1998,5.599999905
72,1999,6.199999809
72,2000,7
72,2001,6.599999905
72,2002,8.100000381
72,2003,7
72,2004,7.699999809
72,2005,7.199999809
72,2006,7.300000191
72,2007,6.400000095
72,2008,5.800000191
72,2009,6.900000095
72,2010,7.300000191
72,2011,7.400000095
73,1992,5.199999809
73,1993,5.900000095
73,1994,8.100000381
73,1995,9.399999619
73,1996,9.699999809
73,1997,11.80000019
73,1998,13.30000019
73,1999,13
73,2000,10.60000038
73,2001,9
73,2002,7.900000095
73,2003,8.199999809
73,2004,7.800000191
73,2005,7.199999809
73,2006,7.199999809
73,2007,6.099999905
73,2008,6.300000191
73,2009,8.399999619
73,2010,7.5
73,2011,6.599999905
74,1998,12.39999962
74,1999,13.80000019
74,2000,10.80000019
74,2001,11.19999981
74,2002,12.60000038
74,2003,11.5
74,2004,12.60000038
74,2005,13.80000019
74,2006,13.60000038
74,2007,13.30000019
74,2008,16.5
74,2009,16.89999962
74,2010,16.29999924
74,2011,15.10000038
75,1995,5.599999905
75,1996,7.599999905
75,1997,8.899999619
75,1998,11.30000019
75,1999,11.60000038
75,2000,11.60000038
75,2001,10.89999962
75,2002,9.600000381
75,2003,9.100000381
75,2004,8.600000381
75,2005,7.199999809
75,2006,6.800000191
75,2007,6.400000095
75,2008,6.400000095
75,2009,8.800000191
75,2010,8.100000381
75,2011,7.900000095
76,1985,11.19999981
76,1988,8.399999619
76,1989,8.600000381
76,1990,8
76,1991,8.199999809
76,1992,8.5
76,1993,9
76,1994,8.600000381
76,1995,7.599999905
76,1996,6.599999905
76,1997,6.800000191
76,1998,6.900000095
76,1999,7.699999809
76,2000,6.5
76,2001,8.399999619
76,2002,10.39999962
76,2003,10.5
76,2004,10.80000019
76,2005,10.60000038
76,2006,10.19999981
76,2007,10.30000019
76,2008,11
76,2009,14
76,2010,11.89999962
76,2011,9.800000191
77,1983,4.199999809
77,1984,4.699999809
77,1989,5.800000191
77,1991,6.800000191
77,1993,7.400000095
77,1994,7.5
77,1995,7.199999809
77,1997,15.19999981
77,1999,7.599999905
77,2000,2.299999952
77,2001,11.60000038
77,2002,11.69999981
77,2003,10.30000019
77,2006,8.199999809
77,2007,8.399999619
77,2008,10.89999962
77,2009,8.100000381
77,2010,8.399999619
77,2011,7.83773555467928
78,1997,8.5
78,2004,7.900000095
78,2006,8.55316459664557
78,2007,9
78,2008,9.366666635
78,2009,9.73333327000012
78,2010,10.0999999050001
78,2011,10.4666665400001
79,1980,4.800000191
79,1981,5.099999905
79,1982,5
79,1983,4.5
79,1984,5.900000095
79,1985,6.699999809
79,1986,7.099999905
79,1987,6.099999905
79,1988,6.400000095
79,1989,8.899999619
79,1990,9.600000381
79,1991,10.60000038
79,1992,11.19999981
79,1993,10
79,1994,7.800000191
79,1995,6.900000095
79,1996,6.699999809
79,1997,7.699999809
79,1998,8.5
79,1999,8.899999619
79,2000,8.800000191
79,2001,9.300000191
79,2002,10.30000019
79,2003,10.69999981
79,2004,10.39999962
79,2005,9
79,2006,8.399999619
79,2007,7.300000191
79,2008,6.099999905
79,2009,7.5
79,2010,6.599999905
79,2011,5.599999905
80,1981,4
80,1982,5.800000191
80,1983,7.800000191
80,1984,8.100000381
80,1985,7.800000191
80,1986,7.400000095
80,1987,7.400000095
80,1988,7.699999809
80,1989,7.5
80,1990,7
80,1991,7.699999809
80,1992,7.800000191
80,1993,9
80,1994,8.899999619
80,1995,9.100000381
80,1996,9.699999809
80,1997,9.600000381
80,1998,10.80000019
80,1999,11.69999981
80,2000,11.10000038
80,2001,10.19999981
80,2002,10.30000019
80,2003,9.699999809
80,2004,10.5
80,2005,9.800000191
80,2006,8.899999619
80,2007,8.300000191
80,2008,7.699999809
80,2009,9.5
80,2010,12.5
80,2011,17.70000076
81,1992,2.099999905
81,1999,5.699999809
81,2000,5
81,2001,4
81,2002,3.299999952
81,2003,4.099999905
81,2004,4.300000191
81,2005,5.300000191
81,2006,4.5
81,2007,3.900000095
81,2008,3.599999905
81,2009,5.300000191
81,2010,6.199999809
81,2011,7.699999809
82,2001,22.70000076
82,2006,16.0619357437422
82,2007,13.5
82,2008,13
82,2009,13.80000019
82,2010,11.070967643871
82,2011,9.82322561890351
84,1989,16.89999962
84,1990,19.79999924
84,1991,20.60000038
84,1992,23
84,1993,23.20000076
84,1994,24.39999962
84,1995,27.89999962
84,1997,25.39999962
84,2000,29.79999924
84,2001,27.29999924
84,2002,25.89999962
84,2003,23.70000076
84,2004,20.10000038
84,2005,15.30000019
84,2006,12.30000019
84,2007,13.80000019
84,2008,11.30000019
84,2009,10.19999981
84,2010,10
84,2011,5.34000021533302
85,1980,2.83333329366667
85,1981,3.233333349
85,1982,3.86666671433333
85,1983,7.4600000378
85,1984,8.16666654766667
85,1985,7.96666661933333
85,1986,7.5333333215
85,1987,7.43333335683333
85,1988,7.033333282
85,1989,5.95714296585714
85,1990,5.71428583342857
85,1991,6.550000041625
85,1992,8.1125000415
85,1993,10.000000178375
85,1994,10.4222222965556
85,1995,9.84444459233333
85,1996,10.727272749
85,1997,9.30000006045455
85,1998,8.518181801
85,1999,7.909090974
85,2000,8.15454545890909
85,2001,7.654545394
85,2002,7.24545446318182
85,2003,7.436363697
85,2004,7.18181813863636
85,2005,6.22499996441667
85,2006,5.58181819045455
85,2007,5.03030301600606
85,2008,5.45282830920303
85,2009,9.62997835421538
85,2010,10.7564934045844
85,2011,9.7558439794935
86,1980,2.83333329366667
86,1981,3.233333349
86,1982,3.86666671433333
86,1983,7.4600000378
86,1984,8.16666654766667
86,1985,7.96666661933333
86,1986,7.5333333215
86,1987,7.43333335683333
86,1988,7.033333282
86,1989,5.95714296585714
86,1990,5.71428583342857
86,1991,6.550000041625
86,1992,8.1125000415
86,1993,10.000000178375
86,1994,10.4222222965556
86,1995,9.84444459233333
86,1996,10.727272749
86,1997,9.30000006045455
86,1998,8.518181801
86,1999,7.909090974
86,2000,8.15454545890909
86,2001,7.654545394
86,2002,7.24545446318182
86,2003,7.436363697
86,2004,7.18181813863636
86,2005,6.22499996441667
86,2006,5.58181819045455
86,2007,5.03030301600606
86,2008,5.45282830920303
86,2009,9.62997835421538
86,2010,10.7564934045844
86,2011,9.7558439794935
88,1980,2.83333329366667
88,1981,3.233333349
88,1982,3.86666671433333
88,1983,7.4600000378
88,1984,8.16666654766667
88,1985,7.96666661933333
88,1986,7.5333333215
88,1987,7.43333335683333
88,1988,7.033333282
88,1989,5.95714296585714
88,1990,5.71428583342857
88,1991,6.550000041625
88,1992,8.1125000415
88,1993,10.000000178375
88,1994,10.4222222965556
88,1995,9.84444459233333
88,1996,10.727272749
88,1997,9.30000006045455
88,1998,8.518181801
88,1999,7.909090974
88,2000,8.15454545890909
88,2001,7.654545394
88,2002,7.24545446318182
88,2003,7.436363697
88,2004,7.18181813863636
88,2005,6.22499996441667
88,2006,5.58181819045455
88,2007,5.03030301600606
88,2008,5.45282830920303
88,2009,9.62997835421538
88,2010,10.7564934045844
88,2011,9.7558439794935
89,1980,
89,1981,
89,1982,
89,1983,
89,1984,
89,1985,
89,1986,
89,1987,
89,1988,
89,1989,
89,1990,
89,1991,
89,1992,
89,1993,
89,1994,
89,1995,
89,1996,
89,1997,
89,1998,
89,1999,
89,2000,
89,2001,
89,2002,
89,2003,
89,2004,
89,2005,
89,2006,
89,2007,
89,2008,
89,2009,
89,2010,
89,2011,
90,1980,
90,1981,
90,1982,
90,1983,
90,1984,
90,1985,
90,1986,
90,1987,
90,1988,
90,1989,
90,1990,
90,1991,
90,1992,
90,1993,
90,1994,
90,1995,
90,1996,
90,1997,
90,1998,
90,1999,
90,2000,
90,2001,
90,2002,
90,2003,
90,2004,
90,2005,
90,2006,
90,2007,
90,2008,
90,2009,
90,2010,
90,2011,
91,1980,
91,1981,
91,1982,
91,1983,
91,1984,
91,1985,
91,1986,
91,1987,
91,1988,
91,1989,
91,1990,
91,1991,
91,1992,
91,1993,
91,1994,
91,1995,
91,1996,
91,1997,
91,1998,
91,1999,
91,2000,
91,2001,
91,2002,
91,2003,
91,2004,
91,2005,
91,2006,
91,2007,
91,2008,
91,2009,
91,2010,
91,2011,
92,1980,
92,1981,
92,1982,
92,1983,
92,1984,
92,1985,
92,1986,
92,1987,
92,1988,
92,1989,
92,1990,
92,1991,
92,1992,
92,1993,
92,1994,
92,1995,
92,1996,
92,1997,
92,1998,
92,1999,
92,2000,
92,2001,
92,2002,
92,2003,
92,2004,
92,2005,
92,2006,
92,2007,
92,2008,
92,2009,
92,2010,
92,2011,
93,1980,
93,1981,
93,1982,
93,1983,
93,1984,
93,1985,
93,1986,
93,1987,
93,1988,
93,1989,
93,1990,
93,1991,
93,1992,
93,1993,
93,1994,
93,1995,
93,1996,
93,1997,
93,1998,
93,1999,
93,2000,
93,2001,
93,2002,
93,2003,
93,2004,
93,2005,
93,2006,
93,2007,
93,2008,
93,2009,
93,2010,
93,2011,
94,1980,
94,1981,
94,1982,
94,1983,
94,1984,
94,1985,
94,1986,
94,1987,
94,1988,
94,1989,
94,1990,
94,1991,
94,1992,
94,1993,
94,1994,
94,1995,
94,1996,
94,1997,
94,1998,
94,1999,
94,2000,
94,2001,
94,2002,
94,2003,
94,2004,
94,2005,
94,2006,
94,2007,
94,2008,
94,2009,
94,2010,
94,2011,
95,1980,2.83333329366667
95,1981,3.233333349
95,1982,3.86666671433333
95,1983,7.4600000378
95,1984,8.16666654766667
95,1985,7.96666661933333
95,1986,7.5333333215
95,1987,7.43333335683333
95,1988,7.033333282
95,1989,5.95714296585714
95,1990,5.71428583342857
95,1991,6.550000041625
95,1992,8.1125000415
95,1993,10.000000178375
95,1994,10.4222222965556
95,1995,9.84444459233333
95,1996,10.727272749
95,1997,9.30000006045455
95,1998,8.518181801
95,1999,7.909090974
95,2000,8.15454545890909
95,2001,7.654545394
95,2002,7.24545446318182
95,2003,7.436363697
95,2004,7.18181813863636
95,2005,6.22499996441667
95,2006,5.58181819045455
95,2007,5.03030301600606
95,2008,5.45282830920303
95,2009,9.62997835421538
95,2010,10.7564934045844
95,2011,9.7558439794935
96,2004,3.400000095
97,2006,6.23333319066592
97,2007,5.599999905
97,2008,4.96666661933295
97,2009,4.33333333366636
97,2010,3.700000048
97,2011,3.06666676233317
98,1980,2.8999999165
98,1981,6.40000015433333
98,1982,3.1499999165
98,1983,10.433333555
98,1984,3.150000006
98,1985,20.60000038
98,1986,2.050000049
98,1987,14.69999981
98,1988,25.79999924
98,1989,14.04999983375
98,1990,23
98,1991,19.0857142722857
98,1992,4.29999987266667
98,1993,14.339999867
98,1994,3.099999905
98,1995,4.099999905
98,1996,12.4000001904
98,1997,14.7249997565
98,1998,4.099999905
98,1999,10.10000038
98,2000,15.5
98,2001,12.7111110162222
98,2002,0.699999988
98,2003,14.3285714555714
98,2004,17.9500000475
98,2005,10.6999999156667
98,2006,12.6458333926665
98,2007,13.4583334161822
98,2008,12.6222223909211
98,2009,13.2527779056601
98,2010,12.9388891582222
98,2011,16.6458340461666
99,1986,0.200000003
99,1992,1.5
99,2002,0.699999988
100,1980,0.600000024
100,1981,0.699999988
100,1982,0.600000024
100,1983,12.35000038
100,1984,0.300000012
100,1985,20.60000038
100,1986,2.050000049
100,1987,14.69999981
100,1988,19.84999943
100,1989,14.04999983375
100,1990,16.79999995275
100,1991,19.0857142722857
100,1992,9.17142851
100,1993,17.79999924
100,1994,13.2571426807143
100,1995,16.619999791
100,1996,8.100000381
100,1997,14.7249997565
100,1998,12.6600000378
100,1999,13.0000000001429
100,2000,14.39999962
100,2001,7.5
100,2002,18.6000000831111
100,2003,14.3285714555714
100,2004,16.2777778305556
100,2005,4.400000095
100,2006,10.5935189244167
100,2007,9.99166718916672
100,2008,10.5543865485439
100,2009,10.5220767001931
100,2010,11.0166674026668
100,2011,2.29824563031571
101,1991,19
101,1994,19.39999962
101,1997,19.5
101,2000,20.29999924
101,2004,21.89999962
101,2006,30.6327261823635
101,2007,32.1814533423271
101,2008,37.59999847
101,2009,37.4124986287507
101,2010,39.574998532501
101,2011,49.3749976074987
102,1994,20
102,1995,16.89999962
102,1996,21
102,1997,22.89999962
102,1998,25
102,1999,25.39999962
102,2000,26.70000076
102,2001,25.39999962
102,2002,27.20000076
102,2003,27.10000038
102,2004,24.70000076
102,2005,23.79999924
102,2006,22.60000038
102,2007,22.29999924
102,2008,22.70000076
102,2009,23.70000076
102,2010,24.70000076
102,2011,24.70000076
103,1980,0.600000024
103,1981,0.699999988
103,1982,0.600000024
103,1983,0.5
103,1984,0.300000012
103,2000,14.39999962
103,2006,16.70000076
103,2007,17.0833342833334
103,2008,17.4666678066668
103,2009,17.8500013300002
103,2010,18.2333348533335
104,1983,24.20000076
105,1980,
105,1981,
105,1982,
105,1983,
105,1984,
105,1985,
105,1986,
105,1987,
105,1988,
105,1989,
105,1990,
105,1991,
105,1992,
105,1993,
105,1994,
105,1995,
105,1996,
105,1997,
105,1998,
105,1999,
105,2000,
105,2001,
105,2002,
105,2003,
105,2004,
105,2005,
105,2006,
105,2007,
105,2008,
105,2009,
105,2010,
105,2011,
106,1992,4.699999809
106,1999,10.10000038
106,2000,10.39999962
106,2006,3.599999905
106,2007,2.6999998210465
106,2008,1.69999979343038
106,2009,0.699999765814027
106,2010,-0.933333238333489
107,1980,9.5499999525
107,1981,8.699999809
107,1982,8.899999619
107,1983,9.3499999045
107,1984,7.7500002375
107,1985,9.82499998825
107,1986,8.300000095
107,1987,6.6750000715
107,1988,7.9199997908
107,1989,7.7399998196
107,1990,7.599999905
107,1991,7.82857145557143
107,1992,7.89999989716667
107,1993,8.0599999906
107,1994,8.2399999614
107,1995,9.47142849671429
107,1996,9.52857133314286
107,1997,8.64285704085714
107,1998,8.85714285728571
107,1999,7.100000008875
107,2000,6.5833333135
107,2001,6.31250002975
107,2002,7.274999976125
107,2003,6.51428566642857
107,2004,6.35714282328571
107,2005,6.84285708842857
107,2006,5.512499928625
107,2007,4.950000047625
107,2008,5.07022512702909
107,2009,5.91707611199421
107,2010,6.35799354038679
107,2011,5.71048151408344
108,1991,6
108,2000,2.700000048
110,1986,12.19999981
110,1988,11
110,1989,11.69999981
110,1991,12.19999981
110,1992,14.69999981
110,1993,13
110,1994,13.39999962
110,1995,10.80000019
110,1996,11.5
110,1997,9.800000191
110,1998,7.599999905
110,1999,7.400000095
110,2001,6.900000095
110,2002,9
110,2003,10.80000019
110,2004,10.30000019
110,2005,10.19999981
110,2006,7.599999905
110,2007,7.900000095
110,2008,8.699999809
110,2009,14.19999981
110,2010,11.9499998210954
110,2011,13.69999981
111,2001,9.699999809
111,2002,6.199999809
111,2003,7.800000191
111,2004,9.899999619
111,2005,8
111,2006,7.400000095
111,2007,5.400000095
111,2008,6.3000001224284
111,2009,5.93214302382125
111,2010,5.56428592521411
111,2011,5.19642882660696
112,1995,8.300000191
112,1996,7.599999905
112,1997,7.099999905
112,1998,6.199999809
112,1999,6.300000191
112,2000,5.400000095
112,2001,4.099999905
112,2002,3.299999952
112,2003,2.299999952
112,2004,1.899999976
112,2005,1.899999976
112,2006,1.899999976
112,2007,1.799999952
112,2008,1.600000024
112,2009,1.700000048
112,2010,2.5
112,2011,1.32000003660005
113,1991,9.699999809
113,1993,7.199999809
113,1994,5.699999809
113,1995,4.900000095
113,1996,5.099999905
113,1997,4.099999905
113,1998,4
113,2001,7.5
113,2002,5.400000095
113,2003,3.599999905
113,2004,4.300000191
113,2005,3.5
113,2006,2.599999905
113,2007,3.799999952
113,2008,4
113,2009,2.39285710032118
113,2010,1.96071423239266
113,2011,1.52857136446403
114,1982,12.19999981
114,1983,12.19999981
114,1988,23.89999962
114,1990,12.69999981
114,1999,7.199999809
115,1991,19.89999962
115,1992,20.70000076
115,1993,19.89999962
115,1994,16.20000076
115,1995,15.80000019
115,1996,16.70000076
115,1997,15.60000038
115,1998,14.39999962
115,1999,13.80000019
115,2000,14.19999981
115,2001,15.69999981
115,2002,16.10000038
115,2003,16.70000076
115,2004,18.39999962
115,2005,18
115,2006,16.39999962
115,2007,15.69999981
115,2008,14.19999981
115,2009,14.89999962
115,2010,12.39999962
115,2011,13.8399995186667
116,1980,17.10000038
116,1981,19.89999962
116,1982,22.89999962
116,1983,23.20000076
116,1984,20.89999962
116,1985,21.5
116,1986,19.5
116,1987,17.70000076
116,1988,15.60000038
116,1989,14.60000038
116,1990,15.10000038
116,1991,16.79999924
116,1992,16.89999962
116,1993,17
116,1994,14.60000038
116,1995,13.89999962
116,1996,13.60000038
116,1997,13.80000019
116,1998,13.5
116,1999,11.80000019
116,2000,10.10000038
116,2001,11.39999962
116,2002,11.89999962
116,2003,11.80000019
116,2004,10.30000019
116,2005,11.30000019
116,2006,11
116,2007,10.89999962
116,2008,11.60000038
116,2009,15
116,2010,16.10000038
116,2011,15.69999981
117,1980,16.44999981
117,1981,16.5499999525
117,1982,17.1
117,1983,17.580000114
117,1984,19.275000095
117,1985,20.2250001425
117,1986,18.10000019
117,1987,21.17500019
117,1988,18.1833333966667
117,1989,15.0833333333333
117,1990,15.7
117,1991,12.6769230550769
117,1992,18.366666635
117,1993,16.949999691125
117,1994,15.9299999238
117,1995,13.6333335762222
117,1996,13.469999886
117,1997,13.4272728828182
117,1998,12.4499999524
117,1999,11.9500000475
117,2000,10.300000111
117,2001,9.46428564635714
117,2002,10.1599999666
117,2003,10.8400001758
117,2004,10.5599999788
117,2005,9.7500000357
117,2006,7.14702552765217
117,2007,6.1487177584873
117,2008,6.47558149115844
117,2009,7.76260814678472
117,2010,8.87007570587088
117,2011,8.61928561391801
118,1980,16.44999981
118,1981,16.5499999525
118,1982,17.1
118,1983,17.580000114
118,1984,19.275000095
118,1985,20.2250001425
118,1986,18.10000019
118,1987,21.17500019
118,1988,18.1833333966667
118,1989,15.0833333333333
118,1990,15.7
118,1991,12.6769230550769
118,1992,18.366666635
118,1993,16.949999691125
118,1994,15.9299999238
118,1995,13.6333335762222
118,1996,13.469999886
118,1997,13.4272728828182
118,1998,12.4499999524
118,1999,11.9500000475
118,2000,10.300000111
118,2001,9.46428564635714
118,2002,10.1599999666
118,2003,10.8400001758
118,2004,10.5599999788
118,2005,9.7500000357
118,2006,7.14702552765217
118,2007,6.1487177584873
118,2008,6.47558149115844
118,2009,7.76260814678472
118,2010,8.87007570587088
118,2011,8.61928561391801
119,2001,5.099999905
120,1991,6
120,2001,8.399999619
121,1980,16.44999981
121,1981,16.5499999525
121,1982,17.1
121,1983,17.580000114
121,1984,19.275000095
121,1985,20.2250001425
121,1986,18.10000019
121,1987,21.17500019
121,1988,18.1833333966667
121,1989,15.0833333333333
121,1990,15.7
121,1991,12.6769230550769
121,1992,18.366666635
121,1993,16.949999691125
121,1994,15.9299999238
121,1995,13.6333335762222
121,1996,13.469999886
121,1997,13.4272728828182
121,1998,12.4499999524
121,1999,11.9500000475
121,2000,10.300000111
121,2001,9.46428564635714
121,2002,10.1599999666
121,2003,10.8400001758
121,2004,10.5599999788
121,2005,9.7500000357
121,2006,7.14702552765217
121,2007,6.1487177584873
121,2008,6.47558149115844
121,2009,7.76260814678472
121,2010,8.87007570587088
121,2011,8.61928561391801
122,1991,6.800000191
122,1993,16.79999924
122,1994,19
122,1995,15.89999962
122,1996,16.29999924
122,1997,20.5
122,1998,21.60000038
122,1999,18.10000038
122,2000,16.5
122,2002,14.69999981
122,2003,22.20000076
122,2004,21
122,2005,16.60000038
122,2006,16.60000038
122,2007,14
122,2008,15.8666668566668
122,2009,16.268468696982
122,2010,15.8860659311891
122,2011,12.9295240664744
123,1989,11.30000019
123,1991,9.800000191
123,1997,23.20000076
123,1999,15.69999981
123,2001,11
123,2006,-4.71666780666692
123,2007,-7.76666799666691
123,2008,-5.44999933499912
123,2009,-7.79999923999912
124,1980,11.39999962
124,1981,10.80000019
124,1982,13.69999981
124,1983,15
124,1984,17.10000038
124,1985,18.70000076
124,1986,17.89999962
124,1987,17.89999962
124,1988,17.60000038
124,1989,14.10000038
124,1990,15
124,1991,17.10000038
124,1992,22.89999962
124,1993,25.60000038
124,1994,23
124,1995,19.70000076
124,1996,14.69999981
124,1997,14.60000038
124,1998,12.30000019
124,1999,10.39999962
124,2000,9.300000191
124,2001,9.800000191
124,2002,10.30000019
124,2003,11
124,2004,9.800000191
124,2005,9.100000381
124,2006,8.699999809
124,2007,7.400000095
124,2008,8.100000381
124,2009,10
124,2010,10.80000019
124,2011,11.19999981
125,1994,26.89999962
125,1996,16.89999962
125,1998,15.19999981
125,2001,10.19999981
125,2006,3.62894738341993
125,2007,0.199999810001827
125,2008,-1.46666685666423
126,1980,10
126,1981,10.5
126,1982,10
126,1983,11.10000038
126,1984,13.5
126,1985,15.69999981
126,1986,17.20000076
126,1987,28.10000038
126,1988,22.10000038
126,1989,22
126,1990,20
126,1991,18.5
126,1992,19.60000038
126,1993,19.79999924
126,1994,18.39999962
126,1995,17.20000076
126,1996,16.29999924
126,1997,15
126,1998,14.19999981
126,1999,13.10000038
126,2000,12.10000038
126,2001,10.80000019
126,2002,10.39999962
126,2003,10.5
126,2004,8.300000191
126,2005,8
126,2006,6.300000191
126,2007,5.5
126,2008,4.599999905
126,2009,3.80666656573317
126,2010,2.83999992020017
126,2011,1.79761908195269
127,1991,20.20000076
129,1982,8.399999619
129,1983,9.699999809
129,1984,10.10000038
129,1985,12.30000019
129,1986,10.5
129,1987,11.80000019
129,1988,16.29999924
129,1989,16.29999924
129,1991,16.10000038
129,1992,14.69999981
129,1993,13.30000019
129,1994,14
129,1995,14
129,1996,14.5
129,1997,13.39999962
129,1998,14
129,1999,11.80000019
129,2000,13.5
129,2001,14
129,2002,13.5
129,2003,13
129,2004,11.69999981
129,2005,9.800000191
129,2006,8.699999809
129,2007,6.400000095
129,2008,5.599999905
129,2009,6.599999905
129,2010,6.5
129,2011,4.5
130,1980,5.900000095
130,1981,8.699999809
130,1982,9.399999619
130,1983,9
130,1984,5.400000095
130,1985,6.900000095
130,1986,6.300000191
130,1987,5.599999905
130,1988,5.400000095
130,1989,3.700000048
130,1990,4.699999809
130,1991,5.599999905
130,1992,4.099999905
130,1993,4.099999905
130,1994,4.199999809
130,1995,5.199999809
130,1996,6.199999809
130,1997,5.699999809
130,1998,5.599999905
130,1999,6
130,2000,5.199999809
130,2001,6.099999905
130,2002,6.400000095
130,2003,6.699999809
130,2004,6.5
130,2005,6.599999905
130,2006,6
130,2007,4.599999905
130,2008,4.900000095
130,2009,7.800000191
130,2010,7.300000191
130,2011,7.699999809
131,1985,3.200000048
131,1986,4.699999809
131,1987,5.800000191
131,1988,6
131,1989,8.300000191
131,1990,10.89999962
131,1991,14
131,1992,14.39999962
131,1995,16.89999962
131,1996,14.89999962
131,1997,13.30000019
131,1998,13.19999981
131,1999,10.89999962
131,2000,9.800000191
131,2001,6.400000095
131,2002,12.19999981
131,2003,8
131,2004,6.699999809
131,2005,5.599999905
131,2006,5.300000191
131,2007,5
131,2008,6.199999809
131,2009,5.65819546962109
131,2010,8
131,2011,5.50193544507101
132,1980,9.100000381
132,1981,8.100000381
132,1982,9.100000381
132,1983,11.10000038
132,1984,13.10000038
132,1985,14
132,1986,12.89999962
132,1987,10.80000019
132,1988,10.10000038
132,1989,8.899999619
132,1990,10.19999981
132,1991,10.19999981
132,1992,9.5
132,1993,8.5
132,1994,8.399999619
132,1995,8.699999809
132,1996,11.89999962
132,1997,12.10000038
132,1998,15
132,1999,20.10000038
132,2000,16.20000076
132,2001,14.60000038
132,2002,14.60000038
132,2003,12
132,2004,11.89999962
132,2005,11.30000019
132,2006,10.5
132,2007,12
132,2008,13.19999981
132,2009,12
132,2010,11.60000038
132,2011,11.046666654
133,1986,12.10000038
133,1990,4.800000191
133,1991,4.699999809
133,1992,3.200000048
133,1995,3.200000048
133,1996,4.400000095
133,1997,3.299999952
133,1998,4
133,1999,3.900000095
133,2001,4.099999905
133,2002,3.900000095
133,2003,5.199999809
133,2004,6
133,2005,4.199999809
133,2006,3.099999905
133,2007,2.900000095
133,2008,3.099999905
133,2009,3.299999952
133,2010,4.800000191
133,2011,3.43333338106669
134,1980,13.19999981
134,1985,16.89999962
134,1986,7.900000095
134,1988,9.399999619
134,1989,8.399999619
134,1990,10
134,1991,7.5
134,1992,7.900000095
134,1993,9.899999619
134,1994,7.699999809
134,1995,7.599999905
134,1996,7.699999809
134,1997,8
134,1998,7.300000191
134,1999,7
134,2000,7
134,2001,7
134,2002,6.199999809
134,2003,6.900000095
134,2004,6.800000191
134,2005,7.199999809
134,2006,6.599999905
134,2007,6.300000191
134,2008,5.900000095
134,2009,7.300000191
134,2010,7
134,2011,6.74000012093333
135,1988,2.5
135,1991,3
135,1992,3.099999905
135,1993,3.200000048
135,1994,4.199999809
135,1995,6.900000095
135,1996,5.199999809
135,1997,4.099999905
135,1998,3.599999905
135,1999,2.5
135,2000,2.599999905
135,2001,2.5
135,2002,2.900000095
135,2003,3
135,2004,3.700000048
135,2005,3.5
135,2006,3.200000048
135,2007,3.400000095
135,2008,3.5
135,2009,5.199999809
135,2010,5.199999809
135,2011,5.300000191
136,1987,3.5
136,1989,2
136,1999,1.899999976
136,2000,1.399999976
136,2001,1.299999952
136,2002,3.099999905
136,2003,2.799999952
136,2004,3.099999905
136,2006,1.799999952
136,2007,2.5
136,2008,3.16180139823268
136,2009,3.32715314037665
136,2010,3.5
136,2011,4.099999905
137,1987,7.199999809
137,1988,7
137,1989,7.900000095
137,1990,6.099999905
137,1991,5.800000191
137,1992,8.899999619
137,1993,8.300000191
137,1994,7.099999905
137,1995,6.900000095
137,1996,10.39999962
137,1997,9.199999809
137,1999,14
137,2000,9
137,2001,10.69999981
137,2002,9.100000381
137,2003,11.39999962
137,2004,8.600000381
137,2005,7.699999809
137,2006,7.699999809
137,2007,6.099999905
137,2008,7.300000191
137,2009,6.5
137,2010,5
137,2011,4.199999809
138,1986,5.300000191
138,1987,4.800000191
138,1990,8.600000381
138,1991,5.800000191
138,1992,9.399999619
138,1993,9.899999619
138,1994,8.899999619
138,1995,7.099999905
138,1996,7
138,1997,7.699999809
138,1998,7.800000191
138,1999,8
138,2000,7.800000191
138,2001,8.800000191
138,2002,9.699999809
138,2003,10.30000019
138,2004,10.5
138,2005,11.39999962
138,2006,8.800000191
138,2007,7.199999809
138,2008,6.400000095
138,2009,6.300000191
138,2010,7.900000095
138,2011,7.800000191
139,1980,5.900000095
139,1981,7
139,1982,8.100000381
139,1983,11.5
139,1984,12.89999962
139,1985,13.19999981
139,1986,10.89999962
139,1987,9.100000381
139,1988,7.300000191
139,1989,9.699999809
139,1990,10.30000019
139,1991,9.5
139,1992,7.699999809
139,1993,6.699999809
139,1994,8.600000381
139,1995,10.19999981
139,1996,12.39999962
139,1997,10.60000038
139,1998,11
139,1999,14.5
139,2000,13.19999981
139,2001,12.80000019
139,2002,16.20000076
139,2003,16.79999924
139,2004,15
139,2005,11.39999962
139,2006,9.300000191
139,2007,7.5
139,2008,6.900000095
139,2009,7.800000191
139,2010,8.600000381
139,2011,8.300000191
140,1980,16.44999981
140,1981,16.5499999525
140,1982,17.1
140,1983,17.580000114
140,1984,19.275000095
140,1985,20.2250001425
140,1986,18.10000019
140,1987,21.17500019
140,1988,18.1833333966667
140,1989,15.0833333333333
140,1990,15.7
140,1991,12.6769230550769
140,1992,18.366666635
140,1993,16.949999691125
140,1994,15.9299999238
140,1995,13.6333335762222
140,1996,13.469999886
140,1997,13.4272728828182
140,1998,12.4499999524
140,1999,11.9500000475
140,2000,10.300000111
140,2001,9.46428564635714
140,2002,10.1599999666
140,2003,10.8400001758
140,2004,10.5599999788
140,2005,9.7500000357
140,2006,7.14702552765217
140,2007,6.1487177584873
140,2008,6.47558149115844
140,2009,7.76260814678472
140,2010,8.87007570587088
140,2011,8.61928561391801
141,2005,3.200000048
143,1991,2.5
143,1992,4.300000191
143,1993,5.300000191
143,1994,5.300000191
143,1995,4.900000095
143,1996,3.700000048
143,1997,3.900000095
143,1998,2.700000048
143,1999,2
143,2000,2.299999952
143,2001,2.299999952
143,2002,3.299999952
143,2003,3.400000095
143,2004,3.099999905
143,2005,2.599999905
143,2006,3
143,2007,2.299999952
143,2008,3
143,2009,7.199999809
143,2010,7.599999905
143,2011,7.099999905
144,1980,2.83333329366667
144,1981,3.233333349
144,1982,3.86666671433333
144,1983,7.4600000378
144,1984,8.16666654766667
144,1985,7.96666661933333
144,1986,7.5333333215
144,1987,7.43333335683333
144,1988,7.033333282
144,1989,5.95714296585714
144,1990,5.71428583342857
144,1991,6.550000041625
144,1992,8.1125000415
144,1993,10.000000178375
144,1994,10.4222222965556
144,1995,9.84444459233333
144,1996,10.727272749
144,1997,9.30000006045455
144,1998,8.518181801
144,1999,7.909090974
144,2000,8.15454545890909
144,2001,7.654545394
144,2002,7.24545446318182
144,2003,7.436363697
144,2004,7.18181813863636
144,2005,6.22499996441667
144,2006,5.58181819045455
144,2007,5.03030301600606
144,2008,5.45282830920303
144,2009,9.62997835421538
144,2010,10.7564934045844
144,2011,9.7558439794935
145,1996,12.89999962
145,1997,10.10000038
145,1998,11.60000038
145,1999,9
145,2000,11
145,2001,9.5
145,2002,8.800000191
145,2003,10.30000019
145,2004,10.39999962
145,2005,9.300000191
145,2006,8.399999619
145,2007,8.93333308006663
145,2008,8.58111082823331
145,2009,8.92976166036922
145,2010,8.0214282114286
145,2011,8.61428515242849
146,1980,12.39999962
146,1981,10.60000038
146,1982,12.80000019
146,1983,13
146,1984,13.10000038
146,1985,12.5
146,1986,13.39999962
146,1987,6.475000143
146,1988,7.7999999048
146,1989,5.54999989275
146,1990,3.7999999525
146,1991,7.400000214
146,1992,7.67500019
146,1993,1.299999952
146,1994,7.933333079
146,1995,6.80000003166667
146,1996,13.30000019
146,1997,8.33333333333333
146,1998,7.699999809
146,1999,18.139999867
146,2000,5.099999905
146,2001,5
146,2002,9.099999905
146,2003,5.199999809
146,2004,4.7000000475
146,2005,6.5
146,2006,6.433333278
146,2007,5.97777774633338
146,2008,5.52222221466672
146,2009,5.06666668300007
146,2010,4.61111115133341
146,2011,4.15555561966691
147,2002,11.69999981
147,2006,11.69999981
147,2007,11.69999981
147,2008,11.69999981
147,2009,11.69999981
147,2010,11.69999981
147,2011,11.69999981
148,1980,9.799999714
148,1981,8.699999809
148,1982,9.600000381
148,1983,9.300000191
148,1984,9.049999714
148,1985,8.849999905
148,1986,6.300000191
148,1987,4.400000095
148,1988,8.4000000955
148,1989,2.799999952
148,1990,2.799999952
148,1991,3.5
148,1992,3.900000095
148,1993,5.5
148,1994,7.933333079
148,1995,6.80000003166667
148,1996,10.5000001904
148,1997,9.699999809
148,1998,7.699999809
148,1999,22.44999981
148,2000,9.550000071
148,2001,13
148,2002,11.39999962
148,2003,4.599999905
148,2004,4.7000000475
148,2005,5.3499999045
148,2006,6.93451322819692
148,2007,6.45309730511053
148,2008,4.94861101858396
148,2009,0.9961108959169
148,2010,1.29469002157771
148,2011,-5.76285701528604
149,1980,9.799999714
149,1981,8.699999809
149,1982,9.600000381
149,1983,9.300000191
149,1984,9.049999714
149,1985,8.849999905
149,1986,6.300000191
149,1987,4.400000095
149,1988,8.4000000955
149,1989,2.799999952
149,1990,2.799999952
149,1991,3.5
149,1992,3.900000095
149,1993,5.5
149,1994,7.933333079
149,1995,6.80000003166667
149,1996,10.5000001904
149,1997,9.699999809
149,1998,7.699999809
149,1999,22.44999981
149,2000,9.550000071
149,2001,13
149,2002,11.39999962
149,2003,4.599999905
149,2004,4.7000000475
149,2005,5.3499999045
149,2006,6.93451322819692
149,2007,6.45309730511053
149,2008,4.94861101858396
149,2009,0.9961108959169
149,2010,1.29469002157771
149,2011,-5.76285701528604
150,1980,9.799999714
150,1981,8.699999809
150,1982,9.600000381
150,1983,9.300000191
150,1984,9.049999714
150,1985,8.849999905
150,1986,6.300000191
150,1987,4.400000095
150,1988,8.4000000955
150,1989,2.799999952
150,1990,2.799999952
150,1991,3.5
150,1992,3.900000095
150,1993,5.5
150,1994,7.933333079
150,1995,6.80000003166667
150,1996,10.5000001904
150,1997,9.699999809
150,1998,7.699999809
150,1999,22.44999981
150,2000,9.550000071
150,2001,13
150,2002,11.39999962
150,2003,4.599999905
150,2004,4.7000000475
150,2005,5.3499999045
150,2006,6.93451322819692
150,2007,6.45309730511053
150,2008,4.94861101858396
150,2009,0.9961108959169
150,2010,1.29469002157771
150,2011,-5.76285701528604
151,1980,12.39999962
151,1981,10.60000038
151,1982,12.80000019
151,1983,13
151,1984,13.10000038
151,1985,12.5
151,1986,13.39999962
151,1990,3.5
151,2000,5.099999905
152,2001,5
153,1980,12.39999962
153,1981,10.60000038
153,1982,12.80000019
153,1983,13
153,1984,13.10000038
153,1985,12.5
153,1986,13.39999962
153,1987,6.475000143
153,1988,7.7999999048
153,1989,5.54999989275
153,1990,3.7999999525
153,1991,7.400000214
153,1992,7.67500019
153,1993,1.299999952
153,1994,7.933333079
153,1995,6.80000003166667
153,1996,13.30000019
153,1997,8.33333333333333
153,1998,7.699999809
153,1999,18.139999867
153,2000,5.099999905
153,2001,5
153,2002,9.099999905
153,2003,5.199999809
153,2004,4.7000000475
153,2005,6.5
153,2006,6.433333278
153,2007,5.97777774633338
153,2008,5.52222221466672
153,2009,5.06666668300007
153,2010,4.61111115133341
153,2011,4.15555561966691
154,1980,12.39999962
154,1981,10.60000038
154,1982,12.80000019
154,1983,13
154,1984,13.10000038
154,1985,12.5
154,1986,13.39999962
154,1987,6.475000143
154,1988,7.7999999048
154,1989,5.54999989275
154,1990,3.7999999525
154,1991,7.400000214
154,1992,7.67500019
154,1993,1.299999952
154,1994,7.933333079
154,1995,6.80000003166667
154,1996,13.30000019
154,1997,8.33333333333333
154,1998,7.699999809
154,1999,18.139999867
154,2000,5.099999905
154,2001,5
154,2002,9.099999905
154,2003,5.199999809
154,2004,4.7000000475
154,2005,6.5
154,2006,6.433333278
154,2007,5.97777774633338
154,2008,5.52222221466672
154,2009,5.06666668300007
154,2010,4.61111115133341
154,2011,4.15555561966691
155,1990,4.099999905
155,1993,1.299999952
155,1996,13.30000019
155,2003,5.199999809
155,2006,1.100000024
155,2007,-0.26666657099986
155,2008,-1.63333316599983
155,2009,-2.9999997609998
155,2010,-4.36666635599977
155,2011,-5.73333295099928
156,1980,12.39999962
156,1981,10.60000038
156,1982,12.80000019
156,1983,13
156,1984,13.10000038
156,1985,12.5
156,1986,13.39999962
156,1987,6.475000143
156,1988,7.7999999048
156,1989,5.54999989275
156,1990,3.7999999525
156,1991,7.400000214
156,1992,7.67500019
156,1993,1.299999952
156,1994,7.933333079
156,1995,6.80000003166667
156,1996,13.30000019
156,1997,8.33333333333333
156,1998,7.699999809
156,1999,18.139999867
156,2000,5.099999905
156,2001,5
156,2002,9.099999905
156,2003,5.199999809
156,2004,4.7000000475
156,2005,6.5
156,2006,6.433333278
156,2007,5.97777774633338
156,2008,5.52222221466672
156,2009,5.06666668300007
156,2010,4.61111115133341
156,2011,4.15555561966691
157,1980,9.799999714
157,1981,8.699999809
157,1982,9.600000381
157,1983,9.300000191
157,1984,9.049999714
157,1985,8.849999905
157,1986,6.300000191
157,1987,4.400000095
157,1988,8.4000000955
157,1989,2.799999952
157,1990,2.799999952
157,1991,3.5
157,1992,3.900000095
157,1993,5.5
157,1994,7.933333079
157,1995,6.80000003166667
157,1996,10.5000001904
157,1997,9.699999809
157,1998,7.699999809
157,1999,22.44999981
157,2000,9.550000071
157,2001,13
157,2002,11.39999962
157,2003,4.599999905
157,2004,4.7000000475
157,2005,5.3499999045
157,2006,6.93451322819692
157,2007,6.45309730511053
157,2008,4.94861101858396
157,2009,0.9961108959169
157,2010,1.29469002157771
157,2011,-5.76285701528604
158,1980,9.799999714
158,1981,8.699999809
158,1982,9.600000381
158,1983,9.300000191
158,1984,9.049999714
158,1985,8.849999905
158,1986,6.300000191
158,1987,4.400000095
158,1988,8.4000000955
158,1989,2.799999952
158,1990,2.799999952
158,1991,3.5
158,1992,3.900000095
158,1993,5.5
158,1994,7.933333079
158,1995,6.80000003166667
158,1996,10.5000001904
158,1997,9.699999809
158,1998,7.699999809
158,1999,22.44999981
158,2000,9.550000071
158,2001,13
158,2002,11.39999962
158,2003,4.599999905
158,2004,4.7000000475
158,2005,5.3499999045
158,2006,6.93451322819692
158,2007,6.45309730511053
158,2008,4.94861101858396
158,2009,0.9961108959169
158,2010,1.29469002157771
158,2011,-5.76285701528604
159,1980,9.799999714
159,1981,8.699999809
159,1982,9.600000381
159,1983,9.300000191
159,1984,9.049999714
159,1985,8.849999905
159,1986,6.300000191
159,1987,4.400000095
159,1988,8.4000000955
159,1989,2.799999952
159,1990,2.799999952
159,1991,3.5
159,1992,3.900000095
159,1993,5.5
159,1994,7.933333079
159,1995,6.80000003166667
159,1996,10.5000001904
159,1997,9.699999809
159,1998,7.699999809
159,1999,22.44999981
159,2000,9.550000071
159,2001,13
159,2002,11.39999962
159,2003,4.599999905
159,2004,4.7000000475
159,2005,5.3499999045
159,2006,6.93451322819692
159,2007,6.45309730511053
159,2008,4.94861101858396
159,2009,0.9961108959169
159,2010,1.29469002157771
159,2011,-5.76285701528604
161,1980,12.39999962
161,1981,10.60000038
161,1982,12.80000019
161,1983,13
161,1984,13.10000038
161,1985,12.5
161,1986,13.39999962
161,1987,6.475000143
161,1988,7.7999999048
161,1989,5.54999989275
161,1990,3.7999999525
161,1991,7.400000214
161,1992,7.67500019
161,1993,1.299999952
161,1994,7.933333079
161,1995,6.80000003166667
161,1996,13.30000019
161,1997,8.33333333333333
161,1998,7.699999809
161,1999,18.139999867
161,2000,5.099999905
161,2001,5
161,2002,9.099999905
161,2003,5.199999809
161,2004,4.7000000475
161,2005,6.5
161,2006,6.433333278
161,2007,5.97777774633338
161,2008,5.52222221466672
161,2009,5.06666668300007
161,2010,4.61111115133341
161,2011,4.15555561966691
162,1986,4.099999905
162,1987,4.099999905
162,1988,5.599999905
162,1989,7.099999905
162,1990,7.800000191
162,1991,10.60000038
162,1992,10.60000038
162,1993,9.800000191
162,1994,8.399999619
162,1995,6.5
162,1996,6.300000191
162,1997,6.800000191
162,1998,7.699999809
162,1999,7
162,2000,6.199999809
162,2001,5.400000095
162,2002,5.300000191
162,2003,4.800000191
162,2004,4
162,2005,3.799999952
162,2006,3.900000095
162,2007,3.700000048
162,2008,4.199999809
162,2009,6.099999905
162,2010,6.5
162,2011,6.5
163,1980,7.099999905
163,1981,7.599999905
163,1982,9.699999809
163,1983,9.600000381
163,1984,7.5
163,1985,7.199999809
163,1986,7
163,1987,6.199999809
163,1988,5.5
163,1989,5.300000191
163,1990,5.599999905
163,1991,6.800000191
163,1992,7.5
163,1993,6.900000095
163,1994,6.099999905
163,1995,5.599999905
163,1996,5.400000095
163,1997,4.900000095
163,1998,4.5
163,1999,4.199999809
163,2000,4
163,2001,4.699999809
163,2002,5.800000191
163,2003,6
163,2004,5.5
163,2005,5.099999905
163,2006,4.599999905
163,2007,4.599999905
163,2008,5.800000191
163,2009,9.300000191
163,2010,9.600000381
163,2011,8.899999619
164,1991,3.900000095
164,1993,9.800000191
164,1994,11.10000038
164,1995,12.5
164,1996,13.80000019
164,1997,12.69999981
164,1998,14.30000019
164,1999,12.80000019
164,2001,9.100000381
164,2002,10
164,2005,11
164,2006,9.399999619
164,2007,8.5
164,2008,8.199999809
164,2009,8.15126023795597
164,2010,8.56394813209431
164,2011,8.40858326059646
166,1980,27.29999924
166,1981,25
166,1982,26.70000076
166,1983,26.39999962
166,1984,25.60000038
166,1985,25
166,1986,23.70000076
166,1987,21
166,1988,18.89999962
166,1989,16.79999924
166,1990,15.69999981
166,1991,15.69999981
166,1992,15.39999962
166,1993,16.29999924
166,1994,15.39999962
166,1995,16.20000076
166,1996,16
166,1997,16.5
166,1998,15.5
166,1999,15.69999981
166,2000,15.5
166,2001,15
166,2002,14.30000019
166,2003,11.69999981
166,2004,11.39999962
166,2005,10.89999962
166,2006,9.600000381
166,2007,9.399999619
166,2008,10.60000038
166,2009,11.39999962
166,2010,12.39999962
166,2011,12.69999981
167,1987,13.10000038
167,1992,11.69999981
167,2001,28.10000038
167,2002,24.5
167,2003,24.39999962
167,2004,25.79999924
167,2005,24.79999924
167,2006,28.5
167,2007,20.20000076
167,2008,21.39999962
167,2009,20.20000076
167,2010,21
167,2011,21
168,1987,19.60000038
168,1989,15.80000019
168,1990,15.69999981
168,1992,17.29999924
168,1993,14.69999981
168,1994,12.69999981
168,1995,8.399999619
168,1996,10.89999962
168,1997,10.5
168,1998,10.60000038
168,1999,13.80000019
168,2004,9.5
168,2006,9.99484554690707
168,2007,9.4706896256896
168,2008,8.22096750903177
168,2009,5.19999981000046
169,1980,7.0000000478
169,1981,6.96666677783333
169,1982,9.53333353966667
169,1983,10.2999999523333
169,1984,10.3166665638333
169,1985,10.1833333176667
169,1986,7.89999989142857
169,1987,9.0500001903
169,1988,7.01428587071429
169,1989,8.237500011875
169,1990,8.45555557155556
169,1991,7.34285722485714
169,1992,9.0999998096
169,1993,8.55555555555556
169,1994,9.11249995225
169,1995,8.99999978855556
169,1996,10.5333332491111
169,1997,10.022222148
169,1998,10.300000071375
169,1999,12.8000001902222
169,2000,12.0000001357143
169,2001,14.1000000636667
169,2002,14.1111112166667
169,2003,13.9999997887778
169,2004,12.3999999367778
169,2005,11.8555554288889
169,2006,11.1594845925907
169,2007,9.53706901946896
169,2008,9.37209675120318
169,2009,9.18988756930005
169,2010,9.36080260749383
169,2011,8.88506171681976
171,1981,4.300000191
171,1982,3.900000095
171,1983,4.900000095
171,1984,4.300000191
171,1985,3.400000095
171,1986,2.400000095
171,1987,3.599999905
171,1988,3.799999952
171,1989,3
171,1990,3.700000048
171,1992,6.400000095
171,1993,6
171,1995,6
171,1996,6.800000191
171,1997,7.699999809
171,1998,8.899999619
171,1999,9.600000381
171,2001,9.300000191
171,2002,9.100000381
171,2003,9.699999809
171,2004,8.899999619
171,2005,9.300000191
171,2006,8.399999619
171,2007,8.100000381
171,2008,7.099999905
171,2009,8.300000191
171,2010,7.54722223044445
171,2011,7.3188888923778
172,1980,2.299999952
172,1981,4.5
172,1982,4.800000191
172,1983,4.199999809
172,1984,3.799999952
172,1985,5.300000191
172,1986,4.400000095
172,1987,5.300000191
172,1988,6
172,1989,7.300000191
172,1990,7.300000191
172,1991,5.800000191
172,1992,6.699999809
172,1993,10.10000038
172,1994,12.10000038
172,1995,18.79999924
172,1996,17.20000076
172,1997,14.89999962
172,1998,12.80000019
172,1999,14.10000038
172,2000,15
172,2001,18.29999924
172,2002,17.89999962
172,2003,16.10000038
172,2004,12.60000038
172,2005,10.60000038
172,2006,10.10000038
172,2007,8.5
172,2008,7.800000191
172,2009,8.600000381
172,2010,7.699999809
172,2011,7.199999809
173,1980,7.300000191
173,1981,6.599999905
173,1982,11.69999981
173,1983,15.39999962
173,1984,13.89999962
173,1985,13
173,1986,10.69999981
173,1987,9.100000381
173,1988,8.600000381
173,1989,8
173,1990,8.5
173,1991,9
173,1992,9
173,1993,8.300000191
173,1994,9.199999809
173,1995,10.19999981
173,1996,11.89999962
173,1997,11.39999962
173,1998,10
173,1999,11.30000019
173,2000,13.60000038
173,2001,15.19999981
173,2002,17
173,2003,16.79999924
173,2005,12.19999981
173,2006,10.60000038
173,2007,9.199999809
173,2008,7.599999905
173,2009,7.29887436
173,2010,6.800000191
173,2011,6
174,1980,4.699999809
174,1981,4.900000095
174,1982,5.400000095
174,1983,5.5
174,1984,5.199999809
174,1985,5.099999905
174,1986,5.300000191
174,1987,5.199999809
174,1988,4.5
174,1989,3.200000048
174,1990,3.099999905
174,1991,6.5
174,1992,11.60000038
174,1993,16.20000076
174,1994,16.39999962
174,1995,15.30000019
174,1996,14.39999962
174,1997,12.60000038
174,1998,11.39999962
174,1999,10.10000038
174,2000,9.699999809
174,2001,9.100000381
174,2002,9
174,2003,9
174,2004,8.800000191
174,2005,8.399999619
174,2006,7.599999905
174,2007,6.800000191
174,2008,6.300000191
174,2009,8.199999809
174,2010,8.399999619
174,2011,7.699999809
175,1983,9.699999809
175,1984,8.899999619
175,1985,7.800000191
175,1986,6
175,1987,6.099999905
175,1988,6.5
175,1989,8.100000381
175,1990,8.300000191
175,1991,9.100000381
175,1992,9
175,1993,10.69999981
175,1994,8
175,1995,7
175,1996,6.800000191
175,1997,5.400000095
175,1998,5
175,1999,5.099999905
175,2000,4.5
175,2001,4.199999809
175,2002,4.599999905
175,2003,5.400000095
175,2004,5.5
175,2005,4.800000191
175,2006,3.900000095
175,2007,3.799999952
175,2008,3.400000095
175,2009,6
175,2010,7.5
175,2011,7.599999905
176,1991,5.599999905
176,1992,6.599999905
176,1993,7.900000095
176,1994,8.399999619
176,1995,8.100000381
176,1996,8.899999619
176,1997,9.800000191
176,1998,9.199999809
176,1999,8.399999619
176,2000,7.699999809
176,2001,7.800000191
176,2002,8.600000381
176,2003,9.300000191
176,2004,10.30000019
176,2005,11.10000038
176,2006,10.30000019
176,2007,8.600000381
176,2008,7.5
176,2009,7.699999809
176,2010,7.099999905
176,2011,5.900000095
177,1981,7.900000095
177,1983,11.89999962
177,1985,10.5
177,1987,9.899999619
177,1988,9.399999619
177,1989,8.699999809
177,1990,7.699999809
177,1991,7.300000191
177,1992,5.599999905
177,1993,6.300000191
177,1994,7.199999809
177,1995,7.199999809
177,1996,6.400000095
177,1997,5.5
177,1998,4.400000095
177,1999,3.599999905
177,2000,2.700000048
177,2001,2.099999905
177,2002,2.599999905
177,2003,3.599999905
177,2004,4.599999905
177,2005,4.699999809
177,2006,3.900000095
177,2007,3.200000048
177,2008,2.799999952
177,2009,3.400000095
177,2010,4.5
177,2011,4.400000095
178,1992,13.30000019
178,1993,14
178,1994,14.39999962
178,1995,13.30000019
178,1996,12.39999962
178,1997,11.19999981
178,1998,10.69999981
178,1999,12.5
178,2000,16.10000038
178,2001,18.20000076
178,2002,19.89999962
178,2003,19.60000038
178,2004,19
178,2005,17.70000076
178,2006,13.80000019
178,2007,9.600000381
178,2008,7.099999905
178,2009,8.199999809
178,2010,9.600000381
178,2011,9.600000381
179,1980,6.400000095
179,1981,7.400000095
179,1982,8.100000381
179,1983,7.900000095
179,1984,9.5
179,1985,10.30000019
179,1986,10.19999981
179,1987,10.69999981
179,1988,10.19999981
179,1989,9.600000381
179,1990,9.399999619
179,1991,9.100000381
179,1992,10.19999981
179,1993,11.30000019
179,1994,12.60000038
179,1995,11.80000019
179,1996,12.39999962
179,1997,12.60000038
179,1998,12.10000038
179,1999,12
179,2000,10.19999981
179,2001,8.600000381
179,2002,8.699999809
179,2003,8.600000381
179,2004,9.199999809
179,2005,8.899999619
179,2006,8.800000191
179,2007,8
179,2008,7.400000095
179,2009,9.100000381
179,2010,9.399999619
179,2011,9.300000191
180,1984,11.80000019
180,1985,11.30000019
180,1986,11.19999981
180,1987,10.80000019
180,1988,8.800000191
180,1989,7.199999809
180,1990,6.800000191
180,1991,8.399999619
180,1992,9.699999809
180,1993,10.30000019
180,1994,9.600000381
180,1995,8.600000381
180,1996,8.100000381
180,1997,7
180,1998,6.099999905
180,1999,5.900000095
180,2000,5.5
180,2001,4.699999809
180,2002,5.099999905
180,2003,4.800000191
180,2004,4.599999905
180,2005,4.699999809
180,2006,5.400000095
180,2007,5.300000191
180,2008,5.300000191
180,2009,7.699999809
180,2010,7.800000191
180,2011,7.800000191
181,1983,14.80000019
181,1984,16.39999962
181,1985,17.89999962
181,1986,18
181,1987,18.10000038
181,1988,17.39999962
181,1989,16.10000038
181,1990,14.10000038
181,1991,15.80000019
181,1992,15
181,1993,15.60000038
181,1994,14.60000038
181,1995,12
181,1996,11.69999981
181,1997,10.19999981
181,1998,7.699999809
181,1999,5.800000191
181,2000,4.300000191
181,2001,3.700000048
181,2002,4.199999809
181,2003,4.5
181,2004,4.5
181,2005,4.300000191
181,2006,4.400000095
181,2007,4.599999905
181,2008,6
181,2009,11.80000019
181,2010,13.60000038
181,2011,14.39999962
182,1980,11.10000038
182,1981,13.69999981
182,1982,15.5
182,1983,16.89999962
182,1984,19.60000038
182,1985,21
182,1986,20.60000038
182,1987,19.89999962
182,1988,18.89999962
182,1989,17
182,1990,16
182,1991,16.10000038
182,1992,18.10000038
182,1993,22.39999962
182,1994,23.89999962
182,1995,22.70000076
182,1996,22
182,1997,20.60000038
182,1998,18.60000038
182,1999,15.60000038
182,2000,13.89999962
182,2001,10.5
182,2002,11.39999962
182,2003,11.30000019
182,2004,11
182,2005,9.199999809
182,2006,8.5
182,2007,8.300000191
182,2008,11.30000019
182,2009,18
182,2010,20.10000038
182,2011,21.60000038
183,1980,6.699999809
183,1981,7.099999905
183,1982,6.300000191
183,1983,7.599999905
183,1984,8.399999619
183,1985,8.600000381
183,1986,8.600000381
183,1987,7.199999809
183,1988,5.800000191
183,1989,5.099999905
183,1990,4.699999809
183,1991,4.300000191
183,1992,4.099999905
183,1993,5.5
183,1994,6.900000095
183,1995,7.199999809
183,1996,7.300000191
183,1997,6.900000095
183,1998,4.900000095
183,1999,4.400000095
183,2000,3.900000095
183,2001,4
183,2002,5
183,2003,6.300000191
183,2004,6.699999809
183,2005,7.599999905
183,2006,7.699999809
183,2007,8
183,2008,7.599999905
183,2009,9.5
183,2010,10.80000019
183,2011,12.69999981
184,1980,7.5
184,1981,8.399999619
184,1982,9
184,1983,8.600000381
184,1984,9.399999619
184,1985,9.399999619
184,1986,10.60000038
184,1987,10.69999981
184,1988,11
184,1989,11
184,1990,9.800000191
184,1991,10.10000038
184,1992,9.300000191
184,1993,10.19999981
184,1994,11.10000038
184,1995,11.69999981
184,1996,11.89999962
184,1997,12
184,1998,12.10000038
184,1999,11.69999981
184,2000,10.80000019
184,2001,9.600000381
184,2002,9.199999809
184,2003,8.899999619
184,2004,7.900000095
184,2005,7.699999809
184,2006,6.800000191
184,2007,6.099999905
184,2008,6.699999809
184,2009,7.800000191
184,2010,8.399999619
184,2011,8.399999619
185,2000,3.599999905
186,2005,30.29999924
186,2006,24.2699993160008
186,2007,19.39999962
186,2008,16.79999924
186,2009,19.10000038
186,2010,19.70000076
186,2011,19.70000076
187,1991,11.10000038
187,1996,10
187,1997,9.899999619
187,1998,11
187,1999,13.5
187,2000,16.10000038
187,2001,20.5
187,2002,15.10000038
187,2003,13.89999962
187,2004,13.69999981
187,2005,12.60000038
187,2006,11.10000038
187,2007,9.600000381
187,2008,8.399999619
187,2009,9.100000381
187,2010,11.80000019
187,2011,13.39999962
188,1991,7.099999905
188,1993,8.699999809
188,1994,8.199999809
188,1995,7.199999809
188,1996,6.900000095
188,1997,6.599999905
188,1998,7.400000095
188,1999,7.300000191
188,2000,6.900000095
188,2001,5.699999809
188,2002,6.300000191
188,2003,6.699999809
188,2004,6.300000191
188,2005,6.5
188,2006,6
188,2007,4.800000191
188,2008,4.400000095
188,2009,5.900000095
188,2010,7.199999809
188,2011,8.199999809
189,1994,17.39999962
189,1995,17.10000038
189,1996,15.60000038
189,1997,14.10000038
189,1998,13.69999981
189,1999,13.39999962
189,2000,15.89999962
189,2001,16.79999924
189,2002,13
189,2003,12.89999962
189,2004,11.30000019
189,2005,8.300000191
189,2006,5.599999905
189,2007,4.300000191
189,2008,5.800000191
189,2009,13.69999981
189,2010,17.79999924
189,2011,15.39999962
190,1997,2.400000095
190,2001,3.900000095
190,2004,1.5
190,2006,1.28635812978337
190,2007,0.5
190,2008,0.832911409202438
190,2009,0.300000012
190,2010,0.174050637955702
190,2011,0.600000024
191,1986,14.19999981
191,1991,11.10000038
191,1996,9.100000381
191,2002,12.80000019
191,2004,10.30000019
191,2005,12.10000038
191,2006,11.1325002184749
191,2007,10.60000038
191,2008,10.5
191,2009,10.05000019
191,2010,9.73157912736838
191,2011,9.41315806473688
192,2003,28.10000038
192,2004,26.79999924
192,2005,18
192,2006,17.5
192,2007,12.44999981
192,2008,8.38999977200001
192,2009,4.32999973400001
192,2010,0.269999696000014
192,2011,-3.79000034199998
193,1980,2.8999999165
193,1981,6.40000015433333
193,1982,3.1499999165
193,1983,10.433333555
193,1984,3.150000006
193,1985,20.60000038
193,1986,2.050000049
193,1987,14.69999981
193,1988,25.79999924
193,1989,14.04999983375
193,1990,23
193,1991,19.0857142722857
193,1992,4.29999987266667
193,1993,14.339999867
193,1994,3.099999905
193,1995,4.099999905
193,1996,12.4000001904
193,1997,14.7249997565
193,1998,4.099999905
193,1999,10.10000038
193,2000,15.5
193,2001,12.7111110162222
193,2002,0.699999988
193,2003,14.3285714555714
193,2004,17.9500000475
193,2005,10.6999999156667
193,2006,12.6458333926665
193,2007,13.4583334161822
193,2008,12.6222223909211
193,2009,13.2527779056601
193,2010,12.9388891582222
193,2011,16.6458340461666
194,1994,3.099999905
195,1992,6.699999809
195,1995,4.099999905
195,1998,4.099999905
196,1986,3.900000095
197,1996,8.100000381
197,2001,7.5
197,2005,4.400000095
197,2006,4.4870370888334
197,2007,2.900000095
197,2008,3.642105290421
197,2009,3.19415207038594
197,2010,3.799999952
197,2011,2.29824563031571
198,1993,17.79999924
199,1980,0.600000024
199,1981,0.699999988
199,1982,0.600000024
199,1983,12.35000038
199,1984,0.300000012
199,1985,20.60000038
199,1986,2.050000049
199,1987,14.69999981
199,1988,19.84999943
199,1989,14.04999983375
199,1990,16.79999995275
199,1991,19.0857142722857
199,1992,9.17142851
199,1993,17.79999924
199,1994,13.2571426807143
199,1995,16.619999791
199,1996,8.100000381
199,1997,14.7249997565
199,1998,12.6600000378
199,1999,13.0000000001429
199,2000,14.39999962
199,2001,7.5
199,2002,18.6000000831111
199,2003,14.3285714555714
199,2004,16.2777778305556
199,2005,4.400000095
199,2006,10.5935189244167
199,2007,9.99166718916672
199,2008,10.5543865485439
199,2009,10.5220767001931
199,2010,11.0166674026668
199,2011,2.29824563031571
200,1980,0.600000024
200,1981,0.699999988
200,1982,0.600000024
200,1983,12.35000038
200,1984,0.300000012
200,1985,20.60000038
200,1986,2.050000049
200,1987,14.69999981
200,1988,19.84999943
200,1989,14.04999983375
200,1990,16.79999995275
200,1991,19.0857142722857
200,1992,9.17142851
200,1993,17.79999924
200,1994,13.2571426807143
200,1995,16.619999791
200,1996,8.100000381
200,1997,14.7249997565
200,1998,12.6600000378
200,1999,13.0000000001429
200,2000,14.39999962
200,2001,7.5
200,2002,18.6000000831111
200,2003,14.3285714555714
200,2004,16.2777778305556
200,2005,4.400000095
200,2006,10.5935189244167
200,2007,9.99166718916672
200,2008,10.5543865485439
200,2009,10.5220767001931
200,2010,11.0166674026668
200,2011,2.29824563031571
202,1991,3.599999905
202,2001,5.099999905
202,2006,4.300000191
202,2007,4.14000024820001
202,2008,3.98000030540004
202,2009,3.82000036260007
202,2010,3.66000041980004
202,2011,3.50000047700007
203,1994,3.700000048
203,1995,2.200000048
203,1996,2.099999905
203,1997,2.599999905
203,1998,3.599999905
203,2000,4.300000191
203,2005,4.400000095
203,2006,3.85923427929947
203,2007,3.90033903436952
203,2008,3.86512973317003
203,2009,3.74666668559999
203,2010,3.5
203,2011,3.31999998099991
204,1984,1.799999952
204,1985,1.799999952
204,1986,1
204,1989,0.899999976
204,1991,1.899999976
204,1996,2.5
204,2000,3.299999952
204,2003,4.300000191
204,2005,4.300000191
204,2006,4.54320996641565
204,2007,4.71228079223386
204,2008,4.88947377722803
204,2009,5
204,2010,5.24385974721633
204,2011,5.1999999454286
205,1990,6
206,1982,3.400000095
206,1983,3.799999952
206,1984,5
206,1985,5.599999905
206,1986,7.400000095
206,1987,7.300000191
206,1988,7.199999809
206,1989,5.699999809
206,1990,4.5
206,1992,3.700000048
206,1993,4.099999905
206,1995,3.099999905
206,1996,2.5
206,1997,2.400000095
206,1998,3.200000048
206,1999,3.400000095
206,2000,3
206,2001,3.5
206,2002,3.5
206,2003,3.599999905
206,2004,3.5
206,2005,3.5
206,2006,3.299999952
206,2007,3.200000048
206,2008,3.299999952
206,2009,3.700000048
206,2010,3.400000095
206,2011,3.38000005073334
207,1996,1.899999976
207,1997,2.900000095
207,1998,2.299999952
207,1999,2.299999952
207,2000,2.299999952
207,2001,2.799999952
207,2002,2.099999905
207,2003,2.299999952
207,2004,2.099999905
207,2006,2.23714651379907
207,2007,2.18586029355993
207,2008,2.400000095
207,2009,2.15466103003813
207,2010,2.1137048461491
207,2011,2
208,1980,3
208,1981,2.900000095
208,1982,2.599999905
208,1983,3.200000048
208,1984,2.700000048
208,1985,4.400000095
208,1986,6.800000191
208,1987,5
208,1988,3.599999905
208,1989,2.400000095
208,1992,2.200000048
208,1993,2.099999905
208,1994,2.200000048
208,1995,2.200000048
208,1996,2.200000048
208,1997,2
208,1998,3.5
208,1999,3.799999952
208,2000,3.700000048
208,2001,3.700000048
208,2002,4.800000191
208,2003,5.199999809
208,2004,4.400000095
208,2005,4.099999905
208,2006,3.599999905
208,2007,3
208,2008,3.200000048
208,2009,4.300000191
208,2010,3.099999905
208,2011,2.900000095
210,1980,2
210,1981,2.299999952
210,1982,2.299999952
210,1983,2.700000048
210,1984,2.700000048
210,1985,2.599999905
210,1986,2.799999952
210,1987,2.900000095
210,1988,2.5
210,1989,2.200000048
210,1990,2.099999905
210,1991,2.099999905
210,1992,2.200000048
210,1993,2.5
210,1994,2.900000095
210,1995,3.200000048
210,1996,3.400000095
210,1997,3.400000095
210,1998,4.099999905
210,1999,4.699999809
210,2000,4.800000191
210,2001,5
210,2002,5.400000095
210,2003,5.199999809
210,2004,4.699999809
210,2005,4.400000095
210,2006,4.099999905
210,2007,3.900000095
210,2008,4
210,2009,5
210,2010,5
210,2011,4.5
212,1980,9.799999714
212,1981,8.699999809
212,1982,9.600000381
212,1983,9.300000191
212,1984,9.049999714
212,1985,8.849999905
212,1986,6.300000191
212,1987,4.400000095
212,1988,8.4000000955
212,1989,2.799999952
212,1990,2.799999952
212,1991,3.5
212,1992,3.900000095
212,1993,5.5
212,1994,7.933333079
212,1995,6.80000003166667
212,1996,10.5000001904
212,1997,9.699999809
212,1998,7.699999809
212,1999,22.44999981
212,2000,9.550000071
212,2001,13
212,2002,11.39999962
212,2003,4.599999905
212,2004,4.7000000475
212,2005,5.3499999045
212,2006,6.93451322819692
212,2007,6.45309730511053
212,2008,4.94861101858396
212,2009,0.9961108959169
212,2010,1.29469002157771
212,2011,-5.76285701528604
214,1980,5.199999809
214,1981,5.400000095
214,1982,5.699999809
214,1983,6.599999905
214,1984,6
214,1989,6.900000095
214,1990,8.600000381
214,1991,9.600000381
214,1992,9
214,1993,10.89999962
214,1994,11
214,1995,11.30000019
214,1996,9
214,1997,8.399999619
214,1998,8.199999809
214,1999,8.100000381
214,2000,9
214,2001,9.399999619
214,2002,10.19999981
214,2003,10.39999962
214,2004,10.69999981
214,2005,11.19999981
214,2006,10.60000038
214,2007,8.899999619
214,2008,8.699999809
214,2009,9.399999619
214,2010,9
214,2011,9.05999991073338
215,1983,6.599999905
215,1986,13.30000019
215,1987,14.80000019
215,1993,19.70000076
215,1995,14.60000038
215,1996,13.69999981
215,2001,15.80000019
215,2002,16.20000076
215,2003,15.39999962
215,2004,12.39999962
215,2006,13.5975609018417
215,2007,13.10000038
215,2008,12.69999981
215,2009,12.89999962
215,2010,12.5
215,2011,12.89999962
216,1982,3
216,1985,2.200000048
216,1986,2.700000048
216,1988,2.799999952
216,1989,2.799999952
216,1992,2.799999952
216,1996,4.400000095
216,1997,4.699999809
216,1998,5.5
216,1999,6.300000191
216,2000,6.099999905
216,2001,8.100000381
216,2002,9.100000381
216,2003,9.5
216,2004,9.899999619
216,2005,11.19999981
216,2006,10.30000019
216,2007,9.100000381
216,2008,8.399999619
216,2009,7.900000095
216,2010,7.099999905
216,2011,6.599999905
218,1980,7.5
218,1981,7.599999905
218,1982,11
218,1983,12
218,1984,11.30000019
218,1985,10.60000038
218,1986,9.699999809
218,1987,8.800000191
218,1988,7.800000191
218,1989,7.5
218,1990,8.100000381
218,1991,10.30000019
218,1992,11.19999981
218,1993,11.39999962
218,1994,10.39999962
218,1995,9.5
218,1996,9.600000381
218,1997,9.100000381
218,1998,8.300000191
218,1999,7.599999905
218,2000,6.800000191
218,2001,7.199999809
218,2002,7.699999809
218,2003,7.599999905
218,2004,7.199999809
218,2005,6.699999809
218,2006,6.300000191
218,2007,6
218,2008,6.099999905
218,2009,8.300000191
218,2010,8
218,2011,7.400000095
219,1980,7.2999999525
219,1981,7.599999905
219,1982,10.3499999045
219,1983,10.8000001905
219,1984,9.400000095
219,1985,8.9000000945
219,1986,8.3499999045
219,1987,7.5
219,1988,6.6500000955
219,1989,6.4000000955
219,1990,6.850000143
219,1991,8.5500001905
219,1992,9.349999905
219,1993,9.1499998575
219,1994,8.2499997625
219,1995,7.5499999525
219,1996,7.500000238
219,1997,7.000000238
219,1998,6.4000000955
219,1999,5.899999857
219,2000,5.4000000955
219,2001,5.949999809
219,2002,6.75
219,2003,6.7999999525
219,2004,6.3499999045
219,2005,5.899999857
219,2006,5.450000048
219,2007,5.2999999525
219,2008,5.950000048
219,2009,8.800000191
219,2010,8.8000001905
219,2011,8.149999857
220,1980,16.44999981
220,1981,16.5499999525
220,1982,17.1
220,1983,17.580000114
220,1984,19.275000095
220,1985,20.2250001425
220,1986,18.10000019
220,1987,21.17500019
220,1988,18.1833333966667
220,1989,15.0833333333333
220,1990,15.7
220,1991,12.6769230550769
220,1992,18.366666635
220,1993,16.949999691125
220,1994,15.9299999238
220,1995,13.6333335762222
220,1996,13.469999886
220,1997,13.4272728828182
220,1998,12.4499999524
220,1999,11.9500000475
220,2000,10.300000111
220,2001,9.46428564635714
220,2002,10.1599999666
220,2003,10.8400001758
220,2004,10.5599999788
220,2005,9.7500000357
220,2006,7.14702552765217
220,2007,6.1487177584873
220,2008,6.47558149115844
220,2009,7.76260814678472
220,2010,8.87007570587088
220,2011,8.61928561391801
221,1980,16.44999981
221,1981,16.5499999525
221,1982,17.1
221,1983,17.580000114
221,1984,19.275000095
221,1985,20.2250001425
221,1986,18.10000019
221,1987,21.17500019
221,1988,18.1833333966667
221,1989,15.0833333333333
221,1990,15.7
221,1991,12.6769230550769
221,1992,18.366666635
221,1993,16.949999691125
221,1994,15.9299999238
221,1995,13.6333335762222
221,1996,13.469999886
221,1997,13.4272728828182
221,1998,12.4499999524
221,1999,11.9500000475
221,2000,10.300000111
221,2001,9.46428564635714
221,2002,10.1599999666
221,2003,10.8400001758
221,2004,10.5599999788
221,2005,9.7500000357
221,2006,7.14702552765217
221,2007,6.1487177584873
221,2008,6.47558149115844
221,2009,7.76260814678472
221,2010,8.87007570587088
221,2011,8.61928561391801
222,1980,2.200000048
222,1981,2.799999952
222,1982,3.5
222,1983,3.900000095
222,1984,3.5
222,1985,3.099999905
222,1986,2.799999952
222,1987,2.299999952
222,1988,1.899999976
222,1989,1.600000024
222,1990,1.799999952
222,1991,3.200000048
222,1992,5.699999809
222,1993,9.300000191
222,1994,9.600000381
222,1995,9.100000381
222,1996,9.899999619
222,1997,10
222,1998,8.300000191
222,1999,7.099999905
222,2000,5.800000191
222,2001,5
222,2002,5.199999809
222,2003,5.800000191
222,2004,6.5
222,2005,7.699999809
222,2006,7
222,2007,6.099999905
222,2008,6.099999905
222,2009,8.300000191
222,2010,8.399999619
222,2011,7.5
223,1980,1.600000024
223,1981,2
223,1982,2.700000048
223,1983,3.400000095
223,1984,3.200000048
223,1985,2.599999905
223,1986,1.899999976
223,1987,2.099999905
223,1988,3.099999905
223,1989,4.900000095
223,1990,5.300000191
223,1991,5.400000095
223,1992,5.900000095
223,1993,6
223,1994,5.300000191
223,1995,4.900000095
223,1996,4.800000191
223,1997,3.900000095
223,1998,3.200000048
223,1999,3.200000048
223,2000,3.400000095
223,2001,3.400000095
223,2002,3.900000095
223,2003,4.400000095
223,2004,4.400000095
223,2005,4.599999905
223,2006,3.400000095
223,2007,2.5
223,2008,2.599999905
223,2009,3.200000048
223,2010,3.599999905
223,2011,3.299999952
224,1980,10.39999962
224,1981,11.30000019
224,1982,19.60000038
224,1983,14.69999981
224,1984,13.89999962
224,1985,12.19999981
224,1986,8.699999809
224,1987,7.900000095
224,1988,6.300000191
224,1989,5.300000191
224,1990,5.699999809
224,1991,5.300000191
224,1992,4.400000095
224,1993,4.5
224,1994,5.900000095
224,1995,4.699999809
224,1996,6.300000191
224,1997,6.099999905
224,1998,6.300000191
224,1999,9.800000191
224,2000,9.199999809
224,2001,9.100000381
224,2002,8.899999619
224,2003,8.5
224,2004,8.800000191
224,2005,8
224,2006,7.699999809
224,2007,7.099999905
224,2008,7.800000191
224,2009,9.699999809
224,2010,8.100000381
224,2011,7.099999905
227,1980,2.83333329366667
227,1981,3.233333349
227,1982,3.86666671433333
227,1983,7.4600000378
227,1984,8.16666654766667
227,1985,7.96666661933333
227,1986,7.5333333215
227,1987,7.43333335683333
227,1988,7.033333282
227,1989,5.95714296585714
227,1990,5.71428583342857
227,1991,6.550000041625
227,1992,8.1125000415
227,1993,10.000000178375
227,1994,10.4222222965556
227,1995,9.84444459233333
227,1996,10.727272749
227,1997,9.30000006045455
227,1998,8.518181801
227,1999,7.909090974
227,2000,8.15454545890909
227,2001,7.654545394
227,2002,7.24545446318182
227,2003,7.436363697
227,2004,7.18181813863636
227,2005,6.22499996441667
227,2006,5.58181819045455
227,2007,5.03030301600606
227,2008,5.45282830920303
227,2009,9.62997835421538
227,2010,10.7564934045844
227,2011,9.7558439794935
228,1980,2.83333329366667
228,1981,3.233333349
228,1982,3.86666671433333
228,1983,7.4600000378
228,1984,8.16666654766667
228,1985,7.96666661933333
228,1986,7.5333333215
228,1987,7.43333335683333
228,1988,7.033333282
228,1989,5.95714296585714
228,1990,5.71428583342857
228,1991,6.550000041625
228,1992,8.1125000415
228,1993,10.000000178375
228,1994,10.4222222965556
228,1995,9.84444459233333
228,1996,10.727272749
228,1997,9.30000006045455
228,1998,8.518181801
228,1999,7.909090974
228,2000,8.15454545890909
228,2001,7.654545394
228,2002,7.24545446318182
228,2003,7.436363697
228,2004,7.18181813863636
228,2005,6.22499996441667
228,2006,5.58181819045455
228,2007,5.03030301600606
228,2008,5.45282830920303
228,2009,9.62997835421538
228,2010,10.7564934045844
228,2011,9.7558439794935
231,2010,3.6
232,1991,17.60000038
232,2006,31.79999924
232,2007,29.70000076
232,2008,23.89999962
232,2009,24.10000038
232,2010,27.20000076
232,2011,27.60000038
237,1980,2.90000005566667
237,1981,3.20000004733333
237,1982,3.4
237,1983,3.7000000475
237,1984,4.87500005975
237,1985,4.4000000002
237,1986,5.3600000858
237,1987,6.80000019075
237,1988,4.9799999714
237,1989,4.1399998902
237,1990,5.20000010725
237,1991,5.466666619
237,1992,3.740000081
237,1993,4.14999985725
237,1994,3.96666653966667
237,1995,4.566666524
237,1996,3.25000003966667
237,1997,3.46666667833333
237,1998,4.32857138771429
237,1999,4.69999996816667
237,2000,4.45714283
237,2001,4.77142861914286
237,2002,5.46666673816667
237,2003,5.54999991266667
237,2004,5.54999987316667
237,2005,5.5599998952
237,2006,4.26696324500573
237,2007,3.87452735704835
237,2008,3.92857142871429
237,2009,3.87923733786259
237,2010,3.50171311851864
237,2011,3.25428572024762
244,1980,16.44999981
244,1981,16.5499999525
244,1982,17.1
244,1983,17.580000114
244,1984,19.275000095
244,1985,20.2250001425
244,1986,18.10000019
244,1987,21.17500019
244,1988,18.1833333966667
244,1989,15.0833333333333
244,1990,15.7
244,1991,12.6769230550769
244,1992,18.366666635
244,1993,16.949999691125
244,1994,15.9299999238
244,1995,13.6333335762222
244,1996,13.469999886
244,1997,13.4272728828182
244,1998,12.4499999524
244,1999,11.9500000475
244,2000,10.300000111
244,2001,9.46428564635714
244,2002,10.1599999666
244,2003,10.8400001758
244,2004,10.5599999788
244,2005,9.7500000357
244,2006,7.14702552765217
244,2007,6.1487177584873
244,2008,6.47558149115844
244,2009,7.76260814678472
244,2010,8.87007570587088
244,2011,8.61928561391801
245,1980,16.44999981
245,1981,16.5499999525
245,1982,17.1
245,1983,17.580000114
245,1984,19.275000095
245,1985,20.2250001425
245,1986,18.10000019
245,1987,21.17500019
245,1988,18.1833333966667
245,1989,15.0833333333333
245,1990,15.7
245,1991,12.6769230550769
245,1992,18.366666635
245,1993,16.949999691125
245,1994,15.9299999238
245,1995,13.6333335762222
245,1996,13.469999886
245,1997,13.4272728828182
245,1998,12.4499999524
245,1999,11.9500000475
245,2000,10.300000111
245,2001,9.46428564635714
245,2002,10.1599999666
245,2003,10.8400001758
245,2004,10.5599999788
245,2005,9.7500000357
245,2006,7.14702552765217
245,2007,6.1487177584873
245,2008,6.47558149115844
245,2009,7.76260814678472
245,2010,8.87007570587088
245,2011,8.61928561391801
247,1991,4.699999809
248,1980,16.44999981
248,1981,16.5499999525
248,1982,17.1
248,1983,17.580000114
248,1984,19.275000095
248,1985,20.2250001425
248,1986,18.10000019
248,1987,21.17500019
248,1988,18.1833333966667
248,1989,15.0833333333333
248,1990,15.7
248,1991,12.6769230550769
248,1992,18.366666635
248,1993,16.949999691125
248,1994,15.9299999238
248,1995,13.6333335762222
248,1996,13.469999886
248,1997,13.4272728828182
248,1998,12.4499999524
248,1999,11.9500000475
248,2000,10.300000111
248,2001,9.46428564635714
248,2002,10.1599999666
248,2003,10.8400001758
248,2004,10.5599999788
248,2005,9.7500000357
248,2006,7.14702552765217
248,2007,6.1487177584873
248,2008,6.47558149115844
248,2009,7.76260814678472
248,2010,8.87007570587088
248,2011,8.61928561391801
249,1980,16.44999981
249,1981,16.5499999525
249,1982,17.1
249,1983,17.580000114
249,1984,19.275000095
249,1985,20.2250001425
249,1986,18.10000019
249,1987,21.17500019
249,1988,18.1833333966667
249,1989,15.0833333333333
249,1990,15.7
249,1991,12.6769230550769
249,1992,18.366666635
249,1993,16.949999691125
249,1994,15.9299999238
249,1995,13.6333335762222
249,1996,13.469999886
249,1997,13.4272728828182
249,1998,12.4499999524
249,1999,11.9500000475
249,2000,10.300000111
249,2001,9.46428564635714
249,2002,10.1599999666
249,2003,10.8400001758
249,2004,10.5599999788
249,2005,9.7500000357
249,2006,7.14702552765217
249,2007,6.1487177584873
249,2008,6.47558149115844
249,2009,7.76260814678472
249,2010,8.87007570587088
249,2011,8.61928561391801
250,1991,6.099999905
250,1994,6.699999809
250,1997,7.5
250,2000,6.900000095
250,2001,6.900000095
250,2006,5.89905202072515
250,2007,5.699999809
250,2008,5.53255790862789
250,2009,5.35116251655813
250,2010,5.16976712448832
250,2011,4.89999961833325
